,Unnamed: 0,Candidate ID,Predicted_A,Prob_0_A,Prob_1_A,Predicted_B,Prob_0_B,Prob_1_B,Predicted_C,Prob_0_C,Prob_1_C,age,gender,education_level,country,Model_A_label,Model_B_label,Model_C_label
0,0,580,0,0.9990704679861476,0.0009295320138524,0,0.9965681056047548,0.0034318943952453,0,0.9928127259077398,0.0071872740922602,19.0,f,High school diploma / GED,US,0,0,0
1,1,257,0,0.8689052475276139,0.131094752472386,0,0.9050601809232104,0.0949398190767894,0,0.8245944565115246,0.1754055434884753,21.0,m,Some college,US,0,0,0
2,2,415,0,0.9997413578678436,0.0002586421321563,0,0.9929215516469564,0.0070784483530436,0,0.8816909237985239,0.118309076201476,28.0,m,Master's degree,AU,0,0,0
3,3,370,0,0.9990079890090392,0.0009920109909606,0,0.9903170502255824,0.0096829497744176,0,0.9730762405774008,0.0269237594225991,38.0,m,College degree,US,0,0,0
4,4,268,0,0.9233403915473536,0.0766596084526464,0,0.9160067067124829,0.0839932932875172,0,0.8349401293809577,0.1650598706190422,22.0,m,College degree,US,0,0,0
5,5,1023,0,0.9990574765043394,0.0009425234956604,0,0.9999777985533668,2.2201446633260957e-05,0,0.9968399669732516,0.0031600330267485,60.0,m,Some college,US,0,0,0
6,6,1101,0,0.99997686079969,2.3139200310103265e-05,0,0.9999960377667416,3.962233258302592e-06,0,0.9999711824301571,2.8817569842678268e-05,19.0,f,Some college,US,0,0,0
7,7,237,0,0.8353538224379168,0.1646461775620834,0,0.937313813924313,0.062686186075687,1,0.3933806557779409,0.6066193442220591,33.0,f,Associate's degree,US,0,0,1
8,8,122,0,0.8943539073359852,0.1056460926640149,1,0.4771642173762042,0.5228357826237959,0,0.99324995948572,0.0067500405142797,49.0,f,Master's degree,NZ,0,0,0
9,9,462,0,0.9952753915595433,0.0047246084404569,0,0.9774108837308404,0.0225891162691596,0,0.9942299373423558,0.0057700626576442,51.0,f,College degree,US,0,0,0
10,10,985,0,0.9987566704062222,0.0012433295937777,0,0.9999158575573702,8.41424426296994e-05,0,0.9977106669189952,0.0022893330810047,57.0,f,College degree,US,0,0,0
11,11,691,0,0.9536144625374942,0.0463855374625058,0,0.9987364396378844,0.0012635603621156,0,0.986385849529796,0.0136141504702038,57.0,f,College degree,US,0,0,0
12,12,341,0,0.981709762097822,0.018290237902178,0,0.9396559125907088,0.0603440874092912,0,0.9906854435047374,0.0093145564952626,71.0,f,College degree,US,0,0,0
13,13,693,0,0.982351593061126,0.0176484069388738,0,0.9968262531737772,0.0031737468262227,0,0.9399970018189217,0.0600029981810786,21.0,m,Associate's degree,US,0,0,0
14,14,59,1,0.0760827527828448,0.9239172472171552,0,0.9245754169947796,0.0754245830052205,1,0.2915915635462959,0.708408436453704,36.0,f,Master's degree,US,1,1,1
15,15,736,0,0.9983827921677236,0.0016172078322765,0,0.9987333941497798,0.0012666058502202,0,0.9976793771068336,0.0023206228931663,50.0,f,Some college,US,0,0,0
16,16,1058,0,0.99977146039616,0.00022853960384,0,0.9999694928046028,3.050719539740509e-05,0,0.9994290415331216,0.0005709584668782,56.0,m,Master's degree,US,0,0,0
17,17,1065,0,0.9999012740036852,9.87259963148797e-05,0,0.9999632250218996,3.67749781002788e-05,0,0.9998990740835016,0.0001009259164985,43.0,m,College degree,AU,0,0,0
18,18,249,0,0.8416081857534207,0.1583918142465794,0,0.9306764654477322,0.0693235345522679,0,0.95762821824525,0.0423717817547501,51.0,f,College degree,US,1,0,0
19,19,1050,0,0.9815099020728516,0.0184900979271485,0,0.9993435860815372,0.000656413918463,0,0.9951964922436668,0.0048035077563331,25.0,m,High school diploma / GED,US,0,0,0
20,20,118,0,0.9965147514933934,0.0034852485066066,0,0.7303099112509985,0.2696900887490013,0,0.722698018071143,0.2773019819288569,25.0,m,Some college,US,0,1,1
21,21,485,0,0.9627516726818324,0.0372483273181675,0,0.9923201610831284,0.0076798389168717,0,0.7825606576692913,0.2174393423307087,23.0,m,High school diploma / GED,CA,0,0,1
22,22,124,0,0.9723023665884336,0.0276976334115661,0,0.7575893663864682,0.2424106336135317,0,0.9306459904490856,0.0693540095509144,46.0,f,Professional degree,AU,0,1,0
23,23,750,0,0.992517012714132,0.0074829872858681,0,0.999178052326142,0.000821947673858,0,0.9982341923179192,0.0017658076820808,46.0,f,Master's degree,AU,0,0,0
24,24,431,0,0.994581623101474,0.0054183768985259,0,0.9827225898224016,0.0172774101775981,0,0.9667254506004348,0.0332745493995652,32.0,m,Master's degree,US,0,0,0
25,25,953,0,0.9999066576358756,9.334236412442336e-05,0,0.9998414866711586,0.0001585133288414,0,0.997668638190236,0.002331361809764,63.0,f,College degree,US,0,0,0
26,26,434,0,0.9982478127316736,0.0017521872683262,0,0.98694307629125,0.0130569237087499,0,0.9969784847109492,0.0030215152890507,37.0,m,College degree,US,0,0,0
27,27,752,0,0.9942422713244304,0.0057577286755695,0,0.999652287860412,0.0003477121395881,0,0.984259883836848,0.015740116163152,55.0,m,Master's degree,US,0,0,0
28,28,24,1,0.0700104569297183,0.9299895430702816,1,0.1731689907857689,0.8268310092142312,1,0.4612733588959,0.5387266411040998,34.0,f,College degree,CA,1,1,1
29,29,978,0,0.9993866701910236,0.0006133298089765,0,0.99993258056128,6.741943871985412e-05,0,0.9978095241422263,0.0021904758577735,65.0,m,Master's degree,US,0,0,0
30,30,670,0,0.9918643112675816,0.0081356887324185,0,0.9887699127827476,0.0112300872172524,0,0.875314110470076,0.124685889529924,23.0,m,Some college,US,0,0,0
31,31,90,1,0.1945547974880405,0.8054452025119596,0,0.7851779099478305,0.2148220900521695,0,0.9815209876821308,0.0184790123178691,22.0,f,Some high school,US,0,1,0
32,32,97,0,0.8886241710348797,0.1113758289651202,0,0.6510385902611059,0.3489614097388941,0,0.9183011572107022,0.081698842789298,29.0,f,College degree,US,0,1,0
33,33,1055,0,0.9811974711378736,0.0188025288621263,0,0.9998302818343896,0.0001697181656103,0,0.9854886589982014,0.0145113410017985,37.0,m,Some college,US,0,0,0
34,34,537,1,0.4141546595820599,0.58584534041794,0,0.9981510061835104,0.0018489938164895,0,0.9372184117390824,0.0627815882609176,32.0,m,Some college,US,1,0,0
35,35,651,0,0.9753001396872868,0.0246998603127133,0,0.9980922352251744,0.0019077647748255,0,0.9459942435258214,0.0540057564741787,43.0,f,Professional degree,US,0,0,0
36,36,713,0,0.999764446968178,0.0002355530318219,0,0.9993347089304372,0.0006652910695628,0,0.9953472146833132,0.0046527853166866,25.0,m,College degree,US,0,0,0
37,37,150,1,0.5845526777610975,0.4154473222389023,1,0.5303220474912348,0.4696779525087654,0,0.9909177506255048,0.009082249374495,48.0,m,College degree,US,1,0,0
38,38,599,0,0.9788423285129872,0.0211576714870126,0,0.998509511646898,0.0014904883531019,0,0.780170485449042,0.2198295145509579,42.0,m,Ph.D.,US,0,0,0
39,39,270,0,0.9981195501987238,0.0018804498012763,0,0.9290163401765742,0.0709836598234259,0,0.903311180237523,0.096688819762477,23.0,m,Associate's degree,US,0,0,0
40,40,432,0,0.9949199992481425,0.0050800007518575,0,0.9862525174419794,0.0137474825580206,0,0.9864758119187296,0.0135241880812706,42.0,f,College degree,US,0,0,0
41,41,269,0,0.9792930796326724,0.0207069203673274,0,0.9393622565545574,0.0606377434454426,0,0.8587217917034142,0.1412782082965857,21.0,f,Some college,US,0,0,0
42,42,612,0,0.9950242190227382,0.0049757809772617,0,0.9895749577434504,0.0104250422565496,0,0.9888098803083027,0.0111901196916971,58.0,f,High school diploma / GED,US,0,0,0
43,43,139,0,0.996875141914864,0.003124858085136,0,0.8205049264044917,0.1794950735955083,0,0.968599693225567,0.0314003067744329,25.0,f,College degree,US,0,0,0
44,44,578,0,0.9923556303754127,0.0076443696245871,0,0.9946917111181371,0.0053082888818627,0,0.9920425960510147,0.0079574039489852,25.0,m,Some college,US,0,0,0
45,45,287,0,0.9957167426761604,0.0042832573238394,0,0.954140120506821,0.0458598794931791,0,0.9783090555635856,0.0216909444364145,34.0,f,Some college,US,0,0,0
46,46,439,0,0.9979349501078176,0.0020650498921823,0,0.994121144150905,0.0058788558490949,0,0.9965377748439964,0.0034622251560036,21.0,f,Some college,US,0,0,0
47,47,743,0,0.951638521814186,0.0483614781858138,0,0.9994762775642794,0.0005237224357207,0,0.9046733253074584,0.0953266746925416,38.0,m,Associate's degree,AU,0,0,0
48,48,853,0,0.9977084576935176,0.0022915423064823,0,0.9998270297763832,0.0001729702236169,0,0.9829179840502996,0.0170820159497003,29.0,m,Some college,US,0,0,0
49,49,190,1,0.3523573919631563,0.6476426080368435,0,0.7987823021703965,0.2012176978296035,0,0.772675385538625,0.227324614461375,21.0,m,Some college,US,1,0,0
50,50,562,0,0.981416845753636,0.018583154246364,0,0.9954461464103757,0.0045538535896244,0,0.9873591983813016,0.0126408016186983,29.0,m,Professional degree,CA,0,0,0
51,51,944,0,0.9999901793974324,9.82060256751794e-06,0,0.9998181653502752,0.0001818346497245,0,0.9999326187761104,6.738122388961951e-05,72.0,f,Ph.D.,US,0,0,0
52,52,65,0,0.7577545454217448,0.242245454578255,1,0.370957881546538,0.629042118453462,0,0.9169363271078388,0.0830636728921609,20.0,f,Some college,US,0,0,0
53,53,920,0,0.9032629421408632,0.0967370578591368,0,0.999712562893744,0.0002874371062558,0,0.9680227332272217,0.0319772667727785,18.0,m,High school diploma / GED,US,0,0,0
54,54,440,0,0.6463036091505558,0.3536963908494441,0,0.9975761130084784,0.0024238869915217,0,0.8739518538064992,0.1260481461935007,51.0,f,College degree,US,0,0,0
55,55,872,0,0.9988854068586626,0.0011145931413374,0,0.9999021358507256,9.786414927436092e-05,0,0.9973312864267924,0.0026687135732075,36.0,f,College degree,US,0,0,0
56,56,747,0,0.9937128654340668,0.0062871345659332,0,0.9981451366899462,0.0018548633100537,0,0.9863546890855848,0.0136453109144152,24.0,f,College degree,US,0,0,0
57,57,723,0,0.9997857193684998,0.0002142806315001,0,0.9990821712718694,0.0009178287281304,0,0.9975633726952918,0.0024366273047081,53.0,f,College degree,US,0,0,0
58,58,1105,0,0.9999845067655454,1.5493234454595595e-05,0,0.999995251154068,4.748845931979534e-06,0,0.9999303834508468,6.961654915326967e-05,77.0,f,College degree,US,0,0,0
59,59,357,0,0.8876278012938682,0.112372198706132,0,0.895041594266,0.1049584057339996,0,0.7827985595836068,0.2172014404163932,29.0,f,College degree,US,0,0,1
60,60,221,1,0.2449509627779866,0.7550490372220134,0,0.8889881436937691,0.1110118563062309,0,0.8434794097261962,0.1565205902738038,47.0,m,Some college,CA,0,0,0
61,61,499,0,0.9956695013070372,0.0043304986929627,0,0.9925901467850536,0.0074098532149463,0,0.9885764631260696,0.0114235368739305,50.0,f,Associate's degree,US,0,0,0
62,62,1032,0,0.9977684059624888,0.0022315940375111,0,0.9999796222056884,2.0377794311605048e-05,0,0.9935626788874964,0.0064373211125037,53.0,m,College degree,US,0,0,0
63,63,512,0,0.9802501196472846,0.0197498803527153,0,0.9854359653242486,0.0145640346757513,0,0.9979228990779716,0.0020771009220283,61.0,f,College degree,US,0,0,0
64,64,634,0,0.9979591578320064,0.0020408421679933,0,0.9988865244946866,0.0011134755053134,0,0.9750966490721108,0.0249033509278891,40.0,m,Some college,CA,0,0,0
65,65,999,0,0.9999411491025346,5.8850897465408895e-05,0,0.9999376056424024,6.239435759774997e-05,0,0.9994239147354076,0.0005760852645924,65.0,m,Professional degree,CA,0,0,0
66,66,1011,0,0.999260613314897,0.000739386685103,0,0.999931405601662,6.85943983379709e-05,0,0.99895221569415,0.0010477843058499,39.0,m,High school diploma / GED,AU,0,0,0
67,67,926,0,0.9977089187831896,0.0022910812168105,0,0.9999053360494656,9.466395053434532e-05,0,0.9896583221719484,0.0103416778280518,58.0,f,College degree,US,0,0,0
68,68,1082,0,0.9995970892662784,0.0004029107337213,0,0.9999974042960362,2.595703963733956e-06,0,0.9987964050183448,0.0012035949816552,52.0,f,College degree,US,0,0,0
69,69,647,0,0.999460835292079,0.000539164707921,0,0.998082039149942,0.001917960850058,0,0.9707265253771216,0.0292734746228784,33.0,m,College degree,US,0,0,0
70,70,823,0,0.8785439758800192,0.1214560241199808,0,0.9997919478830186,0.0002080521169813,0,0.893509963774825,0.1064900362251751,36.0,f,College degree,US,0,0,0
71,71,1092,0,0.9998435891159244,0.0001564108840756,0,0.9999933857547868,6.6142452133627085e-06,0,0.9806274753281587,0.0193725246718411,54.0,f,Other,US,0,0,0
72,72,524,0,0.9873938944112644,0.0126061055887356,0,0.9944720133640494,0.0055279866359505,0,0.994352495774733,0.005647504225267,38.0,f,College degree,US,0,0,0
73,73,802,0,0.999571069082704,0.000428930917296,0,0.9995894157488732,0.0004105842511268,0,0.9992055481101804,0.0007944518898195,54.0,f,Some college,CA,0,0,0
74,74,232,0,0.9323178326929652,0.067682167307035,0,0.8818356758047229,0.1181643241952771,0,0.977838117889438,0.022161882110562,27.0,m,Associate's degree,US,0,0,0
75,75,167,0,0.8463553718502238,0.1536446281497761,0,0.8610889213666295,0.1389110786333706,0,0.6370987970744973,0.3629012029255026,27.0,f,College degree,CA,0,0,0
76,76,416,0,0.9952570488306144,0.0047429511693857,0,0.9901528289636518,0.0098471710363482,0,0.9892061417764958,0.0107938582235042,49.0,m,Some college,US,0,0,0
77,77,789,0,0.9966264533568469,0.0033735466431532,0,0.9988987792724128,0.0011012207275871,0,0.992390500892467,0.0076094991075328,49.0,f,Master's degree,US,0,0,0
78,78,856,0,0.9976141617595412,0.0023858382404586,0,0.9996774147442806,0.0003225852557193,0,0.9948011483688136,0.0051988516311864,57.0,m,College degree,US,0,0,0
79,79,336,0,0.9585207625337816,0.0414792374662183,0,0.9324619195103462,0.0675380804896538,1,0.5833506507889734,0.4166493492110264,34.0,m,College degree,US,0,0,0
80,80,228,1,0.4931199191417469,0.506880080858253,0,0.8971319255058648,0.1028680744941351,1,0.3058230565828751,0.6941769434171249,42.0,f,High school diploma / GED,US,0,0,0
81,81,960,0,0.9999268404346602,7.315956533976703e-05,0,0.9998663395343326,0.0001336604656674,0,0.9974214601473328,0.0025785398526672,38.0,f,College degree,US,0,0,0
82,82,506,0,0.9997706109381528,0.0002293890618474,0,0.9978599509732584,0.0021400490267413,0,0.999010061324588,0.0009899386754119,30.0,f,Ph.D.,US,0,0,0
83,83,248,0,0.9258795202421354,0.0741204797578644,0,0.9252493542559016,0.0747506457440984,0,0.6258018010742034,0.3741981989257966,44.0,f,College degree,US,0,0,1
84,84,216,0,0.9993959039167069,0.0006040960832933,0,0.8948372310715095,0.1051627689284906,0,0.9874748383212744,0.0125251616787256,51.0,f,Master's degree,US,0,0,0
85,85,1060,0,0.9999187917314916,8.120826850833948e-05,0,0.999983693545966,1.6306454033827783e-05,0,0.999214233552353,0.000785766447647,67.0,m,College degree,US,0,0,0
86,86,135,0,0.7384131511470693,0.2615868488529311,0,0.7359871102108387,0.2640128897891613,0,0.8016596910058621,0.1983403089941378,32.0,f,College degree,US,0,0,1
87,87,78,0,0.9991799661091136,0.0008200338908861,1,0.4589984231502665,0.5410015768497335,0,0.9434435839254776,0.0565564160745223,27.0,f,Other,CA,0,1,0
88,88,86,0,0.9133169230979284,0.0866830769020717,0,0.9429033595717524,0.0570966404282475,0,0.8369990961269825,0.1630009038730174,35.0,m,Master's degree,US,1,1,0
89,89,1040,0,0.9999816297952282,1.8370204771722208e-05,0,0.9999919827689168,8.017231083328076e-06,0,0.9999628091493872,3.7190850612866006e-05,68.0,f,Some college,US,0,0,0
90,90,169,0,0.9729514716784264,0.0270485283215738,0,0.874985433488231,0.1250145665117691,0,0.9590167305469084,0.0409832694530917,54.0,f,Some college,US,0,0,0
91,91,881,0,0.9999113779586812,8.862204131872198e-05,0,0.9996928432444696,0.0003071567555305,0,0.9977161405518228,0.002283859448177,58.0,f,Some high school,AU,0,0,0
92,92,231,0,0.962395825017528,0.037604174982472,0,0.8538649477376755,0.1461350522623245,0,0.979931885724513,0.0200681142754869,50.0,f,Master's degree,US,0,0,0
93,93,732,0,0.9989646223030414,0.0010353776969586,0,0.9980322082742976,0.0019677917257023,0,0.9994230820446348,0.0005769179553652,64.0,f,College degree,US,0,0,0
94,94,979,0,0.9999739167218972,2.608327810300222e-05,0,0.9999378454457352,6.215455426472712e-05,0,0.9996486797846708,0.0003513202153291,73.0,f,High school diploma / GED,US,0,0,0
95,95,1059,0,0.9997130548601026,0.0002869451398973,0,0.9996727896756684,0.0003272103243315,0,0.929396518872312,0.0706034811276878,33.0,f,Some college,US,0,0,0
96,96,954,0,0.9813579759590372,0.0186420240409627,0,0.9999314297840118,6.857021598816953e-05,0,0.9429569985826384,0.0570430014173614,51.0,m,High school diploma / GED,US,0,0,0
97,97,174,0,0.997198652973842,0.002801347026158,0,0.8992970096397853,0.1007029903602146,0,0.9830714048757728,0.0169285951242271,62.0,f,Some college,US,0,0,0
98,98,604,0,0.9996535013210612,0.0003464986789387,0,0.9954035239221676,0.0045964760778325,0,0.9997798977143596,0.0002201022856402,68.0,f,College degree,US,0,0,0
99,99,114,1,0.1614535667409958,0.8385464332590045,0,0.8173487317712617,0.1826512682287385,1,0.3156711640750252,0.684328835924975,22.0,m,College degree,US,1,1,0
100,100,322,1,0.3097218611698787,0.6902781388301212,0,0.9523244717350812,0.0476755282649189,1,0.4569317698517175,0.5430682301482824,25.0,f,Master's degree,US,1,0,1
101,101,548,0,0.9615792910692142,0.0384207089307857,0,0.9959669971921128,0.0040330028078873,0,0.9577163022395836,0.0422836977604165,43.0,m,Master's degree,CA,0,0,0
102,102,171,1,0.5669804343492012,0.4330195656507988,0,0.7434790661342163,0.2565209338657837,0,0.9778939311955774,0.0221060688044224,46.0,m,Master's degree,US,0,0,0
103,103,242,0,0.9965675419476244,0.0034324580523756,0,0.9370040412414496,0.0629959587585504,0,0.994121402455978,0.0058785975440219,61.0,f,College degree,US,0,0,0
104,104,560,0,0.9995851620282978,0.000414837971702,0,0.9949723567455092,0.0050276432544908,0,0.9981687018254352,0.0018312981745647,64.0,f,Some college,US,0,0,0
105,105,587,0,0.9995684869746326,0.0004315130253673,0,0.996361517484484,0.003638482515516,0,0.9928891018334888,0.0071108981665111,52.0,f,Master's degree,US,0,0,0
106,106,911,0,0.9999793816192912,2.061838070871145e-05,0,0.9999729768751292,2.7023124870838416e-05,0,0.99982819345387,0.0001718065461299,68.0,f,Master's degree,US,0,0,0
107,107,887,0,0.9878286304048212,0.0121713695951787,0,0.9993617951427868,0.0006382048572131,0,0.9304618822992056,0.0695381177007943,30.0,m,Some college,US,0,0,0
108,108,378,0,0.996773266418561,0.0032267335814389,0,0.9796725004234704,0.0203274995765295,0,0.9955925787923338,0.0044074212076662,48.0,f,College degree,US,0,0,0
109,109,1034,0,0.9995206825876396,0.0004793174123605,0,0.9999398272408224,6.0172759177739736e-05,0,0.9996657840963884,0.0003342159036116,60.0,f,Associate's degree,US,0,0,0
110,110,908,0,0.9977970778963844,0.0022029221036157,0,0.999724337615455,0.0002756623845451,0,0.9971143648312292,0.0028856351687707,61.0,f,College degree,US,0,0,0
111,111,7,1,0.0255311017719007,0.9744688982280992,0,0.9714968274183364,0.0285031725816635,1,0.0045738096501543,0.9954261903498456,35.0,m,College degree,US,1,1,1
112,112,177,0,0.9964038543687628,0.0035961456312371,0,0.7632003448274663,0.2367996551725338,0,0.997987598481224,0.002012401518776,67.0,m,College degree,US,0,0,0
113,113,308,0,0.9215187273269202,0.0784812726730795,0,0.9194952630088434,0.0805047369911566,0,0.6427041020994614,0.3572958979005384,26.0,m,High school diploma / GED,US,0,0,0
114,114,283,0,0.9986882629647048,0.0013117370352951,0,0.9488542406401964,0.0511457593598034,0,0.9923002012510284,0.0076997987489715,32.0,f,Professional degree,US,0,0,0
115,115,39,1,0.1752165120967632,0.8247834879032367,1,0.3002939738249439,0.699706026175056,1,0.5750993979636042,0.4249006020363957,48.0,f,College degree,US,1,0,1
116,116,421,0,0.9854480027206242,0.0145519972793757,0,0.9684670168610712,0.0315329831389288,0,0.9813509080883556,0.0186490919116444,35.0,f,Master's degree,US,0,0,0
117,117,1044,0,0.9997236844774016,0.0002763155225982,0,0.9999327895260292,6.721047397088056e-05,0,0.9993982189117384,0.0006017810882617,57.0,f,Some college,US,0,0,0
118,118,779,0,0.8389577088901903,0.1610422911098099,0,0.9994707624718544,0.0005292375281456,0,0.899544947567168,0.1004550524328317,43.0,m,College degree,US,0,0,0
119,119,69,0,0.992165566969899,0.0078344330301011,1,0.4242920932137901,0.5757079067862099,0,0.9472447821684212,0.0527552178315787,50.0,m,Master's degree,US,0,1,0
120,120,777,0,0.9999994647357762,5.352642240135608e-07,0,0.9964119939410891,0.0035880060589109,0,0.9999994743463244,5.256536756745277e-07,48.0,m,High school diploma / GED,AU,0,0,0
121,121,878,0,0.9983339892774784,0.0016660107225215,0,0.9996953791018326,0.0003046208981673,0,0.9974713723626976,0.0025286276373024,32.0,m,Master's degree,US,0,0,0
122,122,211,0,0.9116021981709048,0.0883978018290951,0,0.9229037919784552,0.0770962080215448,0,0.9936491348388576,0.0063508651611423,40.0,f,Master's degree,US,0,0,0
123,123,501,0,0.9671262247512152,0.0328737752487846,0,0.9805338666881904,0.0194661333118096,0,0.9982667720726104,0.0017332279273895,54.0,f,Master's degree,US,0,0,0
124,124,430,0,0.9751437641240572,0.0248562358759427,0,0.9768790622796236,0.0231209377203765,0,0.7763251752153314,0.2236748247846685,23.0,m,College degree,AU,0,0,0
125,125,407,0,0.9995155781785832,0.0004844218214168,0,0.9898498181820322,0.0101501818179679,0,0.9827477674431792,0.0172522325568207,57.0,f,College degree,US,0,0,0
126,126,559,0,0.981578034610738,0.0184219653892618,0,0.9923333136890982,0.0076666863109018,1,0.5930089457204947,0.4069910542795052,43.0,m,College degree,US,0,0,1
127,127,574,0,0.9997144292197736,0.0002855707802266,0,0.9947354870887422,0.0052645129112577,0,0.9972615162806534,0.0027384837193466,34.0,f,Master's degree,US,0,0,0
128,128,994,0,0.993503300145083,0.006496699854917,0,0.99994963274666,5.036725333987875e-05,0,0.9249497786223172,0.0750502213776828,24.0,m,College degree,US,0,0,0
129,129,1046,0,0.9999823647225352,1.7635277464645294e-05,0,0.9999536314641616,4.636853583837646e-05,0,0.9999837119596356,1.628804036444007e-05,56.0,f,Some college,US,0,0,0
130,130,641,0,0.9999484106964104,5.158930358982001e-05,0,0.9945328264304848,0.0054671735695151,0,0.9994074251829927,0.000592574817007,73.0,f,Master's degree,US,0,0,0
131,131,556,0,0.970392170557502,0.029607829442498,0,0.9963573650331908,0.0036426349668092,0,0.8952175924244635,0.1047824075755364,25.0,m,Master's degree,US,0,0,0
132,132,0,1,3.7741088540056266e-06,0.999996225891146,1,0.0772495067084083,0.9227504932915916,1,0.0121518152547612,0.9878481847452388,24.0,f,College degree,US,0,1,1
133,133,317,0,0.967667503402706,0.0323324965972939,0,0.9296487314463177,0.0703512685536821,0,0.9534610543578624,0.0465389456421375,28.0,m,High school diploma / GED,CA,0,0,0
134,134,813,0,0.9998036013524388,0.0001963986475612,0,0.9996929161172468,0.0003070838827531,0,0.999750979998234,0.0002490200017659,52.0,f,Master's degree,US,0,0,0
135,135,551,0,0.9991296291740028,0.000870370825997,0,0.9955515147753096,0.0044484852246903,0,0.9991808955055528,0.0008191044944469,50.0,f,Master's degree,US,0,0,0
136,136,30,0,0.803881611455529,0.1961183885444708,1,0.2530943160007021,0.7469056839992979,0,0.8152385983136796,0.1847614016863203,66.0,m,Associate's degree,US,0,1,0
137,137,1021,0,0.9990069790682206,0.0009930209317793,0,0.9999661114604194,3.388853958051395e-05,0,0.9953255590336434,0.0046744409663565,62.0,f,Professional degree,CA,0,0,0
138,138,880,0,0.9904403725000288,0.0095596274999712,0,0.999921574125964,7.842587403607408e-05,0,0.9959984711768832,0.0040015288231166,50.0,m,Professional degree,US,0,0,0
139,139,992,0,0.9999895326184016,1.0467381598435046e-05,0,0.9999688301086076,3.116989139243061e-05,0,0.9999617122563944,3.82877436054409e-05,58.0,f,Some college,AU,0,0,0
140,140,17,1,0.1268115809686401,0.8731884190313599,1,0.1640394258649854,0.8359605741350147,1,0.055639887767675,0.9443601122323252,31.0,m,Associate's degree,US,1,1,1
141,141,45,1,0.1375078963837025,0.8624921036162977,1,0.4206845267332974,0.5793154732667026,0,0.905143503616398,0.0948564963836019,27.0,f,Other,US,0,1,0
142,142,159,0,0.928132973765548,0.0718670262344518,0,0.9476280049632768,0.052371995036723,0,0.8383785834904053,0.1616214165095947,24.0,m,Professional degree,AU,1,0,0
143,143,594,0,0.9707328138028803,0.0292671861971196,0,0.9973458371339642,0.0026541628660356,0,0.9852618210484976,0.0147381789515026,61.0,m,Professional degree,US,0,0,0
144,144,369,0,0.9994301186221036,0.0005698813778965,0,0.9771686882573956,0.0228313117426041,0,0.9937750793330966,0.0062249206669033,65.0,f,College degree,US,0,0,0
145,145,987,0,0.9999507519223748,4.924807762498647e-05,0,0.9999508269202396,4.9173079760502095e-05,0,0.999991442930286,8.557069713951625e-06,55.0,f,Associate's degree,US,0,0,0
146,146,904,0,0.9806931073177574,0.0193068926822426,0,0.9996890413644413,0.0003109586355587,0,0.8831907220883927,0.1168092779116073,22.0,m,College degree,CA,0,0,0
147,147,397,0,0.939965724640168,0.0600342753598319,0,0.982102450752448,0.0178975492475519,0,0.863556679490784,0.1364433205092161,62.0,m,High school diploma / GED,US,0,0,1
148,148,598,0,0.9918131867252494,0.0081868132747506,0,0.9905258750253606,0.0094741249746393,0,0.9926843314383615,0.0073156685616383,45.0,f,Master's degree,US,0,0,0
149,149,210,0,0.9263071561195958,0.0736928438804042,0,0.771285100483143,0.2287148995168569,0,0.7492147348196023,0.2507852651803976,37.0,f,College degree,US,0,0,0
150,150,1000,0,0.9998373013765396,0.0001626986234604,0,0.999968045717795,3.1954282204954195e-05,0,0.99807341239558,0.0019265876044202,61.0,f,Associate's degree,US,0,0,0
151,151,427,0,0.9582310549337631,0.0417689450662368,0,0.976027735268245,0.023972264731755,0,0.9668772208465868,0.0331227791534133,27.0,m,College degree,US,0,0,0
152,152,657,0,0.9987866618818264,0.0012133381181735,0,0.998496665947476,0.001503334052524,0,0.9917869946187752,0.0082130053812246,34.0,m,College degree,CA,0,0,0
153,153,697,0,0.9996374987552196,0.0003625012447803,0,0.9985541678326458,0.0014458321673542,0,0.960295407382234,0.039704592617766,25.0,m,Some college,US,0,0,0
154,154,625,0,0.9921874404178104,0.0078125595821895,0,0.998696227943766,0.0013037720562339,0,0.9962458197103228,0.0037541802896771,31.0,m,Master's degree,US,0,0,0
155,155,924,0,0.9995440185405328,0.0004559814594674,0,0.999798884393987,0.000201115606013,0,0.9991817930524188,0.0008182069475811,59.0,m,College degree,CA,0,0,0
156,156,373,0,0.8987108193378213,0.1012891806621786,0,0.9632467076394036,0.0367532923605962,0,0.9193102395848796,0.0806897604151203,25.0,m,Some college,US,0,0,0
157,157,1108,0,0.9999834384193196,1.6561580680392482e-05,0,0.9999981126417006,1.887358299576363e-06,0,0.9999548477791612,4.5152220838973055e-05,58.0,m,High school diploma / GED,AU,0,0,0
158,158,116,1,0.4343039758216222,0.5656960241783777,0,0.7247936234672762,0.2752063765327239,0,0.735464752605464,0.2645352473945361,37.0,m,College degree,US,1,0,0
159,159,170,0,0.9507256289578742,0.0492743710421259,0,0.8136271857950894,0.1863728142049106,0,0.7347851629263603,0.2652148370736398,28.0,f,Some college,US,0,0,0
160,160,19,1,0.4268508613264145,0.5731491386735855,1,0.0569716367974196,0.9430283632025804,1,0.1915608157183451,0.8084391842816551,27.0,f,Master's degree,US,0,1,1
161,161,567,0,0.9968808974371992,0.0031191025628007,0,0.996623330872242,0.0033766691277578,0,0.9990283179687152,0.0009716820312849,46.0,f,College degree,US,0,0,0
162,162,128,0,0.9604775231897624,0.0395224768102375,0,0.6886678043451481,0.3113321956548521,1,0.6103875070655517,0.3896124929344483,42.0,f,College degree,US,0,1,1
163,163,669,0,0.9997593850338238,0.0002406149661762,0,0.9970371432279136,0.0029628567720863,0,0.9965408891198404,0.0034591108801595,31.0,f,Professional degree,AU,0,0,0
164,164,194,1,0.2397204814140058,0.7602795185859942,0,0.7416889745387629,0.2583110254612371,0,0.8546168499068383,0.1453831500931616,28.0,m,Master's degree,US,1,0,1
165,165,1001,0,0.9968489722555308,0.0031510277444691,0,0.999720086164725,0.000279913835275,0,0.916680015894389,0.083319984105611,24.0,m,High school diploma / GED,US,0,0,0
166,166,652,0,0.9982315914602,0.0017684085398001,0,0.9989910696714392,0.0010089303285608,0,0.9936115329843792,0.0063884670156206,58.0,f,Some college,US,0,0,0
167,167,815,0,0.99837321831163,0.0016267816883699,0,0.9977650053008144,0.0022349946991855,0,0.9732502896203163,0.0267497103796836,27.0,m,College degree,US,0,0,0
168,168,582,0,0.9999589906363195,4.1009363680228605e-05,0,0.9944803185731992,0.0055196814268008,0,0.999705470631602,0.0002945293683977,67.0,f,College degree,US,0,0,0
169,169,536,0,0.8698954999684843,0.1301045000315156,0,0.9986991786844056,0.0013008213155943,0,0.8881176639193709,0.1118823360806291,43.0,f,College degree,CA,0,0,0
170,170,533,0,0.966984849446534,0.0330151505534659,0,0.9925722697818624,0.0074277302181375,0,0.976307793031599,0.0236922069684011,36.0,m,Master's degree,US,0,0,0
171,171,621,1,0.1022340155216518,0.8977659844783482,0,0.9953192661113738,0.0046807338886262,1,0.6028841403349728,0.3971158596650271,40.0,m,Some college,US,1,0,1
172,172,465,0,0.9505141516396076,0.0494858483603924,0,0.9858301337144793,0.0141698662855206,1,0.5555420940655572,0.4444579059344426,25.0,m,College degree,CA,0,0,0
173,173,1004,0,0.999915508055903,8.44919440970571e-05,0,0.9999684930515192,3.150694848061355e-05,0,0.9998084430902556,0.0001915569097444,50.0,f,Some college,US,0,0,0
174,174,95,1,0.1818457824393089,0.8181542175606912,0,0.821360182416253,0.1786398175837469,1,0.4460680553653081,0.553931944634692,23.0,m,College degree,US,1,1,0
175,175,258,0,0.9924297692442596,0.0075702307557405,0,0.8790955840053806,0.1209044159946195,0,0.9569542487469244,0.0430457512530758,34.0,m,High school diploma / GED,US,0,0,0
176,176,193,0,0.8450293837870569,0.1549706162129431,0,0.7846806828572173,0.2153193171427828,0,0.9901611745840904,0.0098388254159096,38.0,f,Some college,US,0,0,0
177,177,134,0,0.9978161192660088,0.0021838807339914,0,0.6667512680504419,0.3332487319495581,0,0.9875855556374886,0.0124144443625113,43.0,f,Master's degree,US,0,0,0
178,178,1063,0,0.9998574919455164,0.0001425080544837,0,0.9999772616622494,2.2738337750569105e-05,0,0.9998887944908734,0.0001112055091265,64.0,m,Master's degree,US,0,0,0
179,179,64,0,0.8951006365927523,0.1048993634072475,1,0.3558150362248524,0.6441849637751476,1,0.3021210564237558,0.697878943576244,38.0,f,Master's degree,US,1,1,1
180,180,275,0,0.8175209349966268,0.1824790650033732,0,0.9755844749550736,0.0244155250449262,0,0.9801844177025016,0.0198155822974984,36.0,m,Some college,US,0,0,0
181,181,800,0,0.999993343354694,6.656645305903141e-06,0,0.9999120753137436,8.792468625641452e-05,0,0.9999533183295358,4.6681670464169e-05,65.0,f,High school diploma / GED,CA,0,0,0
182,182,101,0,0.9090362649379138,0.0909637350620862,0,0.6719479544759424,0.3280520455240577,0,0.7946391157898838,0.2053608842101164,34.0,f,College degree,US,1,0,0
183,183,610,0,0.999952813882134,4.71861178660229e-05,0,0.9977450391634544,0.0022549608365454,0,0.9992520229730628,0.0007479770269369,58.0,f,Master's degree,US,0,0,0
184,184,393,0,0.9996934213119528,0.0003065786880471,0,0.976485961728592,0.023514038271408,0,0.9992166035055338,0.0007833964944663,60.0,f,Master's degree,US,0,0,0
185,185,399,0,0.996932941117766,0.0030670588822341,0,0.9858036378363776,0.0141963621636223,0,0.9691748891772296,0.0308251108227705,24.0,m,College degree,US,0,0,0
186,186,252,0,0.8924898372917938,0.1075101627082061,0,0.8370543203851827,0.1629456796148173,0,0.9949845141239464,0.0050154858760536,46.0,f,Professional degree,US,0,0,0
187,187,811,0,0.978378373349666,0.0216216266503338,0,0.9995926711477509,0.0004073288522492,0,0.996398774987336,0.0036012250126638,35.0,m,Master's degree,US,0,0,0
188,188,975,0,0.9999216023342044,7.83976657955324e-05,0,0.9999358276299236,6.417237007654461e-05,0,0.9983291477060438,0.0016708522939562,62.0,f,Some college,CA,0,0,0
189,189,929,0,0.9994097071120266,0.0005902928879733,0,0.9998863256517332,0.0001136743482667,0,0.9989036786425692,0.0010963213574308,67.0,m,College degree,US,0,0,0
190,190,179,0,0.8877422419984343,0.1122577580015654,0,0.8875708062030279,0.1124291937969722,0,0.9794749283809504,0.0205250716190496,46.0,f,Master's degree,US,0,0,0
191,191,569,0,0.999991551267392,8.448732607862315e-06,0,0.9987692481105872,0.0012307518894127,0,0.9984419427800448,0.0015580572199551,55.0,f,Some college,US,0,0,0
192,192,319,0,0.93633116598895,0.0636688340110498,0,0.9307988831256688,0.0692011168743312,0,0.697337798342026,0.302662201657974,21.0,f,College degree,US,0,0,0
193,193,796,0,0.9990824284716832,0.0009175715283168,0,0.99909027470718,0.0009097252928198,0,0.9988475976247844,0.0011524023752157,22.0,m,High school diploma / GED,US,0,0,0
194,194,671,0,0.950595498024588,0.049404501975412,0,0.996425463713644,0.0035745362863559,0,0.94012229130378,0.05987770869622,29.0,f,Master's degree,US,0,0,0
195,195,855,0,0.998907845561004,0.001092154438996,0,0.9998580792929024,0.0001419207070977,0,0.9973076847370128,0.002692315262987,55.0,m,Master's degree,US,0,0,0
196,196,289,0,0.9970817146345344,0.0029182853654655,0,0.9107636645591936,0.0892363354408064,0,0.989930996349146,0.0100690036508538,18.0,m,High school diploma / GED,US,0,0,0
197,197,42,1,0.3373816175890253,0.6626183824109747,1,0.388578014672671,0.6114219853273289,0,0.6833516147765333,0.3166483852234669,20.0,m,Associate's degree,US,1,1,1
198,198,785,0,0.998967131087816,0.0010328689121838,0,0.9991916555156568,0.0008083444843432,0,0.989318561189971,0.0106814388100289,25.0,m,College degree,US,0,0,0
199,199,897,0,0.9997819980074472,0.0002180019925527,0,0.9999394504279778,6.0549572022277065e-05,0,0.9931931872962352,0.0068068127037648,24.0,f,Master's degree,US,0,0,0
200,200,1072,0,0.9993497937524484,0.0006502062475515,0,0.999988963769645,1.1036230354881651e-05,0,0.9985131671397368,0.001486832860263,60.0,m,Master's degree,US,0,0,0
201,201,1027,0,0.998959726665587,0.0010402733344131,0,0.9997492798598704,0.0002507201401295,0,0.995842377865146,0.0041576221348537,28.0,f,High school diploma / GED,US,0,0,0
202,202,1012,0,0.9728785174181086,0.0271214825818913,0,0.9994634657006952,0.0005365342993048,0,0.8902032326395033,0.1097967673604967,28.0,m,College degree,US,0,0,0
203,203,923,0,0.9998472705659276,0.0001527294340724,0,0.9998301929206804,0.0001698070793197,0,0.9997252128752996,0.0002747871247002,23.0,m,High school diploma / GED,US,0,0,0
204,204,1026,0,0.9998459480317062,0.0001540519682938,0,0.9999818120657976,1.8187934202378454e-05,0,0.9998377890664432,0.0001622109335567,58.0,f,High school diploma / GED,US,0,0,0
205,205,895,0,0.9995053779474672,0.0004946220525328,0,0.9998533852364928,0.0001466147635071,0,0.9994938459069952,0.0005061540930049,51.0,f,Some college,US,0,0,0
206,206,502,0,0.967886612515711,0.032113387484289,0,0.9819141490653104,0.0180858509346894,0,0.8286587280991824,0.1713412719008175,28.0,m,High school diploma / GED,CA,0,0,0
207,207,787,0,0.9941664116519144,0.0058335883480856,0,0.9991823736982614,0.0008176263017387,0,0.9923709850463392,0.0076290149536607,56.0,f,Some college,US,0,0,0
208,208,801,0,0.9792904972417515,0.0207095027582483,0,0.999603678903026,0.000396321096974,0,0.9987838769351876,0.0012161230648122,33.0,f,High school diploma / GED,US,0,0,0
209,209,347,0,0.7361517660586719,0.2638482339413279,0,0.9471918520027538,0.0528081479972461,0,0.922863689840436,0.0771363101595639,33.0,m,College degree,US,1,0,1
210,210,360,0,0.9995925015690478,0.0004074984309522,0,0.9800593902908248,0.0199406097091752,0,0.9987844183694352,0.0012155816305646,57.0,f,Associate's degree,US,0,0,0
211,211,597,0,0.9975581486227104,0.0024418513772896,0,0.9957093946716322,0.0042906053283677,0,0.9841998462605808,0.0158001537394193,26.0,m,College degree,US,0,0,0
212,212,400,0,0.9974747181493642,0.0025252818506358,0,0.9776773825657384,0.0223226174342616,0,0.9746914493761618,0.0253085506238381,35.0,m,College degree,CA,0,0,0
213,213,1056,0,0.9998985963636672,0.0001014036363328,0,0.999971959033089,2.8040966911193974e-05,0,0.9988490837220996,0.0011509162779004,51.0,f,College degree,CA,0,0,0
214,214,109,1,0.5395910561877356,0.4604089438122644,1,0.4144660177014905,0.5855339822985096,1,0.2800097716419589,0.719990228358041,26.0,m,College degree,AU,1,0,1
215,215,240,0,0.9654856507596904,0.0345143492403095,0,0.8653983563534311,0.1346016436465691,1,0.603543143743773,0.3964568562562269,31.0,m,College degree,US,0,0,1
216,216,487,0,0.9973865399945084,0.0026134600054917,0,0.9940032208422048,0.0059967791577952,0,0.9802230342821232,0.0197769657178769,24.0,f,College degree,US,0,0,0
217,217,968,0,0.9997903922811298,0.0002096077188702,0,0.9999130757148272,8.692428517276971e-05,0,0.9970302988105068,0.0029697011894932,66.0,f,Professional degree,CA,0,0,0
218,218,223,0,0.9951961951207954,0.0048038048792046,0,0.8509633378184873,0.1490366621815124,0,0.9599997062832138,0.0400002937167862,23.0,m,College degree,US,0,0,0
219,219,935,0,0.9992704006376084,0.0007295993623913,0,0.9998858094071318,0.0001141905928682,0,0.9969372879238788,0.0030627120761212,60.0,m,Some college,US,0,0,0
220,220,847,0,0.9999864789798684,1.3521020131794782e-05,0,0.9998535811435464,0.0001464188564536,0,0.99946831079794,0.0005316892020599,62.0,f,College degree,US,0,0,0
221,221,363,0,0.9966358829692132,0.0033641170307867,0,0.9757188291578288,0.0242811708421712,0,0.9950016132514934,0.0049983867485066,44.0,f,College degree,US,0,0,0
222,222,706,0,0.9948886683195808,0.0051113316804191,0,0.998164429901148,0.001835570098852,0,0.997116406681251,0.0028835933187488,58.0,f,Master's degree,US,0,0,0
223,223,79,train,,,train,,,train,,,62.0,f,Master's degree,US,0,1,0
224,224,156,train,,,train,,,train,,,41.0,f,Associate's degree,US,0,0,0
225,225,362,train,,,train,,,train,,,26.0,f,High school diploma / GED,US,0,0,0
226,226,40,train,,,train,,,train,,,35.0,f,Some college,CA,0,1,0
227,227,566,train,,,train,,,train,,,38.0,m,Some college,US,0,0,0
228,228,898,train,,,train,,,train,,,28.0,f,College degree,CA,0,0,0
229,229,107,train,,,train,,,train,,,45.0,m,Professional degree,US,0,1,0
230,230,222,train,,,train,,,train,,,27.0,m,College degree,US,0,0,0
231,231,825,train,,,train,,,train,,,55.0,f,College degree,US,0,0,0
232,232,1037,train,,,train,,,train,,,52.0,m,College degree,US,0,0,0
233,233,563,train,,,train,,,train,,,66.0,f,Master's degree,US,0,0,0
234,234,113,train,,,train,,,train,,,23.0,f,College degree,US,0,0,0
235,235,550,train,,,train,,,train,,,35.0,f,Ph.D.,US,0,0,0
236,236,1005,train,,,train,,,train,,,64.0,m,Some college,US,0,0,0
237,237,84,train,,,train,,,train,,,29.0,f,Master's degree,US,1,0,1
238,238,848,train,,,train,,,train,,,54.0,m,Some college,US,0,0,0
239,239,981,train,,,train,,,train,,,34.0,f,Some college,US,0,0,0
240,240,455,train,,,train,,,train,,,28.0,f,Some college,US,0,0,0
241,241,581,train,,,train,,,train,,,61.0,f,Associate's degree,US,0,0,0
242,242,715,train,,,train,,,train,,,56.0,m,College degree,US,0,0,0
243,243,186,train,,,train,,,train,,,48.0,m,Ph.D.,US,0,0,0
244,244,684,train,,,train,,,train,,,59.0,m,College degree,US,1,0,0
245,245,735,train,,,train,,,train,,,46.0,f,High school diploma / GED,CA,0,0,0
246,246,765,train,,,train,,,train,,,51.0,f,Some college,US,0,0,0
247,247,447,train,,,train,,,train,,,43.0,f,Other,AU,0,0,0
248,248,700,train,,,train,,,train,,,58.0,f,College degree,US,0,0,0
249,249,1024,train,,,train,,,train,,,57.0,m,Master's degree,US,0,0,0
250,250,639,train,,,train,,,train,,,51.0,f,College degree,US,0,0,0
251,251,47,train,,,train,,,train,,,21.0,m,Other,US,0,0,1
252,252,342,train,,,train,,,train,,,47.0,f,Master's degree,US,1,0,0
253,253,105,train,,,train,,,train,,,35.0,m,Master's degree,US,0,0,0
254,254,115,train,,,train,,,train,,,33.0,f,College degree,US,0,1,1
255,255,307,train,,,train,,,train,,,24.0,f,College degree,US,0,0,0
256,256,1066,train,,,train,,,train,,,55.0,m,Some college,CA,0,0,0
257,257,845,train,,,train,,,train,,,62.0,m,High school diploma / GED,US,0,0,0
258,258,862,train,,,train,,,train,,,71.0,m,High school diploma / GED,US,0,0,0
259,259,3,train,,,train,,,train,,,54.0,m,Some college,US,1,1,1
260,260,584,train,,,train,,,train,,,36.0,m,College degree,US,0,0,0
261,261,458,train,,,train,,,train,,,56.0,m,Master's degree,US,0,0,0
262,262,184,train,,,train,,,train,,,36.0,m,Ph.D.,US,0,0,0
263,263,821,train,,,train,,,train,,,32.0,m,College degree,US,0,0,0
264,264,516,train,,,train,,,train,,,25.0,m,High school diploma / GED,CA,0,0,0
265,265,518,train,,,train,,,train,,,34.0,m,Master's degree,US,0,0,0
266,266,158,train,,,train,,,train,,,29.0,m,Associate's degree,US,0,0,0
267,267,200,train,,,train,,,train,,,46.0,f,College degree,US,0,0,0
268,268,493,train,,,train,,,train,,,63.0,m,Master's degree,US,0,0,0
269,269,460,train,,,train,,,train,,,63.0,m,College degree,AU,0,0,0
270,270,383,train,,,train,,,train,,,21.0,f,College degree,US,0,0,0
271,271,302,train,,,train,,,train,,,45.0,f,Some college,US,0,0,0
272,272,998,train,,,train,,,train,,,48.0,m,Associate's degree,US,0,0,0
273,273,333,train,,,train,,,train,,,50.0,f,Some college,US,0,0,0
274,274,925,train,,,train,,,train,,,63.0,f,College degree,US,0,0,0
275,275,81,train,,,train,,,train,,,32.0,f,Professional degree,US,0,0,1
276,276,595,train,,,train,,,train,,,69.0,f,College degree,US,0,0,0
277,277,1074,train,,,train,,,train,,,50.0,m,Some college,US,0,0,0
278,278,207,train,,,train,,,train,,,28.0,f,Professional degree,US,0,0,0
279,279,711,train,,,train,,,train,,,33.0,m,Master's degree,US,0,0,0
280,280,696,train,,,train,,,train,,,28.0,f,College degree,US,1,0,0
281,281,433,train,,,train,,,train,,,21.0,m,Some college,CA,0,0,0
282,282,1086,train,,,train,,,train,,,22.0,m,Associate's degree,US,0,0,0
283,283,751,train,,,train,,,train,,,50.0,f,Some college,US,0,0,0
284,284,644,train,,,train,,,train,,,32.0,m,Professional degree,US,0,0,0
285,285,374,train,,,train,,,train,,,20.0,f,Some college,NZ,0,0,0
286,286,153,train,,,train,,,train,,,48.0,f,College degree,US,0,0,0
287,287,182,train,,,train,,,train,,,34.0,m,Some college,CA,0,0,0
288,288,980,train,,,train,,,train,,,51.0,f,Some college,US,0,0,0
289,289,831,train,,,train,,,train,,,41.0,m,Master's degree,US,0,0,0
290,290,243,train,,,train,,,train,,,33.0,f,Professional degree,US,0,0,1
291,291,991,train,,,train,,,train,,,30.0,m,College degree,US,0,0,0
292,292,412,train,,,train,,,train,,,69.0,f,Ph.D.,US,0,0,0
293,293,1076,train,,,train,,,train,,,45.0,f,High school diploma / GED,US,0,0,0
294,294,829,train,,,train,,,train,,,59.0,m,College degree,US,0,0,0
295,295,380,train,,,train,,,train,,,46.0,f,Ph.D.,US,0,0,0
296,296,1091,train,,,train,,,train,,,60.0,f,Associate's degree,US,0,0,0
297,297,188,train,,,train,,,train,,,51.0,m,College degree,US,0,0,0
298,298,163,train,,,train,,,train,,,37.0,m,Some college,US,1,0,0
299,299,245,train,,,train,,,train,,,23.0,f,College degree,US,0,0,0
300,300,15,train,,,train,,,train,,,27.0,f,College degree,US,1,1,1
301,301,350,train,,,train,,,train,,,52.0,f,Some college,US,1,0,1
302,302,613,train,,,train,,,train,,,61.0,m,College degree,US,0,0,0
303,303,12,train,,,train,,,train,,,22.0,m,Some college,US,1,1,1
304,304,871,train,,,train,,,train,,,52.0,f,College degree,US,0,0,0
305,305,5,train,,,train,,,train,,,22.0,m,College degree,US,1,1,1
306,306,526,train,,,train,,,train,,,50.0,m,Master's degree,US,0,0,0
307,307,640,train,,,train,,,train,,,50.0,f,High school diploma / GED,NZ,0,0,0
308,308,444,train,,,train,,,train,,,32.0,f,Some college,CA,0,0,0
309,309,76,train,,,train,,,train,,,23.0,m,College degree,US,1,1,0
310,310,784,train,,,train,,,train,,,39.0,m,High school diploma / GED,US,0,0,0
311,311,178,train,,,train,,,train,,,29.0,m,Associate's degree,US,0,0,0
312,312,834,train,,,train,,,train,,,36.0,f,Master's degree,US,0,0,0
313,313,903,train,,,train,,,train,,,65.0,f,College degree,US,0,0,0
314,314,446,train,,,train,,,train,,,25.0,f,Some college,US,0,0,0
315,315,41,train,,,train,,,train,,,25.0,m,College degree,AU,0,1,0
316,316,527,train,,,train,,,train,,,57.0,f,College degree,US,0,0,0
317,317,570,train,,,train,,,train,,,38.0,m,Some college,US,0,0,0
318,318,201,train,,,train,,,train,,,48.0,m,College degree,AU,0,0,0
319,319,234,train,,,train,,,train,,,58.0,f,Professional degree,US,0,0,0
320,320,626,train,,,train,,,train,,,60.0,f,Ph.D.,US,0,0,0
321,321,195,train,,,train,,,train,,,30.0,m,Some college,US,0,0,0
322,322,517,train,,,train,,,train,,,19.0,m,Some college,CA,0,0,0
323,323,33,train,,,train,,,train,,,20.0,m,Some college,US,1,1,1
324,324,497,train,,,train,,,train,,,63.0,f,Other,CA,0,0,0
325,325,602,train,,,train,,,train,,,25.0,m,Professional degree,US,0,0,0
326,326,491,train,,,train,,,train,,,20.0,f,Some college,US,0,0,0
327,327,445,train,,,train,,,train,,,37.0,m,Master's degree,US,0,0,0
328,328,721,train,,,train,,,train,,,26.0,f,Some college,US,0,0,0
329,329,849,train,,,train,,,train,,,62.0,f,Some college,US,0,0,0
330,330,532,train,,,train,,,train,,,46.0,f,Professional degree,CA,0,0,0
331,331,198,train,,,train,,,train,,,24.0,m,Professional degree,AU,1,0,1
332,332,324,train,,,train,,,train,,,25.0,m,College degree,US,0,0,0
333,333,770,train,,,train,,,train,,,28.0,m,College degree,US,0,0,0
334,334,620,train,,,train,,,train,,,26.0,m,Some college,US,0,0,0
335,335,1042,train,,,train,,,train,,,61.0,f,Master's degree,US,0,0,0
336,336,627,train,,,train,,,train,,,60.0,f,Master's degree,US,0,0,0
337,337,576,train,,,train,,,train,,,30.0,f,College degree,US,0,0,0
338,338,410,train,,,train,,,train,,,20.0,m,Some college,US,0,0,0
339,339,180,train,,,train,,,train,,,18.0,m,High school diploma / GED,US,1,0,1
340,340,36,train,,,train,,,train,,,32.0,f,College degree,US,0,1,1
341,341,1013,train,,,train,,,train,,,60.0,f,High school diploma / GED,CA,0,0,0
342,342,901,train,,,train,,,train,,,27.0,f,Some college,US,0,0,0
343,343,886,train,,,train,,,train,,,72.0,f,Master's degree,US,0,0,0
344,344,605,train,,,train,,,train,,,51.0,f,Some college,US,0,0,0
345,345,13,train,,,train,,,train,,,26.0,m,Some college,US,1,1,1
346,346,311,train,,,train,,,train,,,24.0,m,Some college,US,0,0,0
347,347,666,train,,,train,,,train,,,60.0,f,College degree,US,0,0,0
348,348,279,train,,,train,,,train,,,55.0,f,Some college,US,0,0,0
349,349,251,train,,,train,,,train,,,24.0,m,Other,CA,0,0,0
350,350,749,train,,,train,,,train,,,56.0,m,College degree,US,0,0,0
351,351,126,train,,,train,,,train,,,60.0,f,College degree,CA,0,1,0
352,352,515,train,,,train,,,train,,,38.0,f,College degree,US,0,0,0
353,353,932,train,,,train,,,train,,,66.0,f,Some college,US,0,0,0
354,354,238,train,,,train,,,train,,,24.0,m,College degree,US,0,0,0
355,355,236,train,,,train,,,train,,,23.0,m,College degree,US,1,0,0
356,356,304,train,,,train,,,train,,,24.0,m,High school diploma / GED,CA,0,0,0
357,357,1045,train,,,train,,,train,,,27.0,m,College degree,US,0,0,0
358,358,316,train,,,train,,,train,,,52.0,f,College degree,US,0,0,0
359,359,1069,train,,,train,,,train,,,27.0,m,High school diploma / GED,US,0,0,0
360,360,766,train,,,train,,,train,,,35.0,m,Professional degree,US,0,0,0
361,361,58,train,,,train,,,train,,,24.0,m,Some college,US,0,1,0
362,362,388,train,,,train,,,train,,,57.0,f,Some college,US,0,0,0
363,363,136,train,,,train,,,train,,,31.0,f,College degree,US,0,0,0
364,364,742,train,,,train,,,train,,,38.0,f,Some college,US,0,0,0
365,365,525,train,,,train,,,train,,,34.0,m,High school diploma / GED,CA,0,0,0
366,366,429,train,,,train,,,train,,,78.0,f,High school diploma / GED,US,0,0,0
367,367,660,train,,,train,,,train,,,57.0,m,High school diploma / GED,US,0,0,0
368,368,181,train,,,train,,,train,,,24.0,f,College degree,US,0,0,0
369,369,867,train,,,train,,,train,,,32.0,m,Associate's degree,US,0,0,0
370,370,922,train,,,train,,,train,,,60.0,m,College degree,US,0,0,0
371,371,1015,train,,,train,,,train,,,64.0,f,College degree,US,0,0,0
372,372,479,train,,,train,,,train,,,60.0,f,Some college,US,0,0,0
373,373,395,train,,,train,,,train,,,57.0,f,College degree,US,0,0,0
374,374,293,train,,,train,,,train,,,52.0,f,College degree,US,0,0,0
375,375,38,train,,,train,,,train,,,27.0,m,Master's degree,US,0,1,0
376,376,869,train,,,train,,,train,,,60.0,f,Some college,US,0,0,0
377,377,37,train,,,train,,,train,,,24.0,m,Some college,US,0,1,1
378,378,704,train,,,train,,,train,,,62.0,f,Master's degree,US,0,0,0
379,379,468,train,,,train,,,train,,,50.0,m,Master's degree,US,0,0,0
380,380,292,train,,,train,,,train,,,39.0,f,College degree,US,0,0,0
381,381,202,train,,,train,,,train,,,28.0,m,Master's degree,US,0,0,0
382,382,633,train,,,train,,,train,,,62.0,f,Master's degree,US,0,0,0
383,383,699,train,,,train,,,train,,,64.0,f,Professional degree,US,0,0,0
384,384,642,train,,,train,,,train,,,54.0,f,College degree,US,0,0,0
385,385,244,train,,,train,,,train,,,58.0,f,Professional degree,US,0,0,0
386,386,729,train,,,train,,,train,,,29.0,m,Some college,US,0,0,0
387,387,323,train,,,train,,,train,,,60.0,m,Master's degree,AU,0,0,0
388,388,189,train,,,train,,,train,,,22.0,m,College degree,US,0,0,0
389,389,768,train,,,train,,,train,,,29.0,m,Master's degree,US,0,0,0
390,390,66,train,,,train,,,train,,,31.0,m,Master's degree,US,0,1,1
391,391,74,train,,,train,,,train,,,21.0,m,College degree,US,1,0,1
392,392,809,train,,,train,,,train,,,76.0,f,Some college,CA,0,0,0
393,393,724,train,,,train,,,train,,,21.0,m,Some high school,AU,0,0,0
394,394,166,train,,,train,,,train,,,24.0,m,College degree,US,0,0,1
395,395,571,train,,,train,,,train,,,40.0,f,College degree,US,0,0,0
396,396,933,train,,,train,,,train,,,39.0,m,College degree,US,0,0,0
397,397,330,train,,,train,,,train,,,52.0,f,College degree,US,0,0,0
398,398,541,train,,,train,,,train,,,52.0,f,College degree,US,0,0,0
399,399,83,train,,,train,,,train,,,45.0,m,College degree,AU,0,0,0
400,400,450,train,,,train,,,train,,,62.0,f,Some college,US,0,0,0
401,401,507,train,,,train,,,train,,,37.0,f,College degree,US,0,0,0
402,402,776,train,,,train,,,train,,,26.0,m,Some college,US,0,0,0
403,403,680,train,,,train,,,train,,,54.0,f,College degree,US,0,0,0
404,404,1100,train,,,train,,,train,,,19.0,m,High school diploma / GED,US,0,0,0
405,405,318,train,,,train,,,train,,,26.0,m,Some college,US,0,0,0
406,406,498,train,,,train,,,train,,,65.0,f,Some college,US,0,0,0
407,407,648,train,,,train,,,train,,,32.0,m,High school diploma / GED,US,0,0,0
408,408,788,train,,,train,,,train,,,67.0,m,Master's degree,US,0,0,0
409,409,172,train,,,train,,,train,,,43.0,f,High school diploma / GED,CA,0,0,0
410,410,894,train,,,train,,,train,,,48.0,m,High school diploma / GED,AU,0,0,0
411,411,965,train,,,train,,,train,,,47.0,m,Some college,US,0,0,0
412,412,68,train,,,train,,,train,,,24.0,m,College degree,CA,0,1,0
413,413,77,train,,,train,,,train,,,22.0,m,College degree,US,0,0,1
414,414,119,train,,,train,,,train,,,32.0,f,College degree,US,0,0,0
415,415,505,train,,,train,,,train,,,46.0,m,Master's degree,US,0,0,0
416,416,60,train,,,train,,,train,,,36.0,m,Some college,CA,0,1,0
417,417,646,train,,,train,,,train,,,44.0,m,College degree,US,0,0,0
418,418,782,train,,,train,,,train,,,25.0,f,College degree,CA,0,0,0
419,419,1080,train,,,train,,,train,,,80.0,m,Some college,US,0,0,0
420,420,653,train,,,train,,,train,,,23.0,m,Some college,NZ,0,0,0
421,421,624,train,,,train,,,train,,,56.0,f,High school diploma / GED,US,0,0,0
422,422,971,train,,,train,,,train,,,47.0,m,College degree,US,0,0,0
423,423,844,train,,,train,,,train,,,47.0,m,Master's degree,US,0,0,0
424,424,676,train,,,train,,,train,,,26.0,f,College degree,US,0,0,0
425,425,685,train,,,train,,,train,,,29.0,m,College degree,CA,0,0,0
426,426,295,train,,,train,,,train,,,44.0,f,Master's degree,US,0,0,0
427,427,827,train,,,train,,,train,,,48.0,f,Master's degree,US,0,0,0
428,428,80,train,,,train,,,train,,,37.0,f,Master's degree,US,0,1,0
429,429,239,train,,,train,,,train,,,25.0,f,College degree,US,0,0,0
430,430,701,train,,,train,,,train,,,54.0,m,High school diploma / GED,AU,0,0,0
431,431,746,train,,,train,,,train,,,54.0,m,High school diploma / GED,US,0,0,0
432,432,176,train,,,train,,,train,,,30.0,f,Professional degree,US,1,0,0
433,433,738,train,,,train,,,train,,,43.0,m,College degree,US,0,0,0
434,434,226,train,,,train,,,train,,,24.0,f,College degree,US,0,0,0
435,435,1097,train,,,train,,,train,,,51.0,m,High school diploma / GED,US,0,0,0
436,436,367,train,,,train,,,train,,,32.0,m,High school diploma / GED,CA,0,0,0
437,437,544,train,,,train,,,train,,,30.0,f,High school diploma / GED,US,0,0,0
438,438,905,train,,,train,,,train,,,27.0,m,Some college,AU,0,0,0
439,439,436,train,,,train,,,train,,,19.0,m,Some college,US,1,0,1
440,440,771,train,,,train,,,train,,,28.0,m,Some college,US,0,0,0
441,441,977,train,,,train,,,train,,,19.0,f,Some college,US,0,0,0
442,442,983,train,,,train,,,train,,,28.0,f,College degree,US,0,0,0
443,443,73,train,,,train,,,train,,,43.0,f,Master's degree,US,0,1,0
444,444,877,train,,,train,,,train,,,31.0,m,College degree,US,0,0,0
445,445,966,train,,,train,,,train,,,64.0,m,College degree,US,0,0,0
446,446,945,train,,,train,,,train,,,65.0,m,Master's degree,US,0,0,0
447,447,1098,train,,,train,,,train,,,66.0,f,Some college,CA,0,0,0
448,448,760,train,,,train,,,train,,,34.0,m,Some college,US,0,0,0
449,449,572,train,,,train,,,train,,,63.0,f,Ph.D.,US,0,0,0
450,450,284,train,,,train,,,train,,,61.0,m,College degree,US,0,0,0
451,451,583,train,,,train,,,train,,,61.0,f,College degree,US,0,0,0
452,452,601,train,,,train,,,train,,,21.0,m,Some college,US,0,0,0
453,453,348,train,,,train,,,train,,,50.0,m,Master's degree,US,1,0,0
454,454,327,train,,,train,,,train,,,40.0,m,Some college,CA,0,0,0
455,455,531,train,,,train,,,train,,,27.0,m,Some college,US,0,0,0
456,456,253,train,,,train,,,train,,,23.0,f,Professional degree,AU,0,0,0
457,457,931,train,,,train,,,train,,,71.0,m,Some college,AU,0,0,0
458,458,655,train,,,train,,,train,,,49.0,f,College degree,US,0,0,0
459,459,131,train,,,train,,,train,,,43.0,m,College degree,US,0,0,0
460,460,100,train,,,train,,,train,,,32.0,m,College degree,AU,0,0,0
461,461,382,train,,,train,,,train,,,23.0,m,Master's degree,US,0,0,0
462,462,111,train,,,train,,,train,,,37.0,f,Master's degree,US,0,0,0
463,463,51,train,,,train,,,train,,,24.0,m,Professional degree,US,0,0,0
464,464,863,train,,,train,,,train,,,50.0,m,College degree,US,0,0,0
465,465,690,train,,,train,,,train,,,78.0,f,College degree,US,0,0,0
466,466,822,train,,,train,,,train,,,43.0,m,College degree,US,0,0,0
467,467,865,train,,,train,,,train,,,60.0,m,College degree,US,0,0,0
468,468,899,train,,,train,,,train,,,58.0,f,Master's degree,US,0,0,0
469,469,361,train,,,train,,,train,,,54.0,f,College degree,US,0,0,0
470,470,398,train,,,train,,,train,,,76.0,m,Master's degree,US,0,0,0
471,471,590,train,,,train,,,train,,,56.0,f,College degree,US,0,0,0
472,472,11,train,,,train,,,train,,,22.0,m,Professional degree,AU,1,0,0
473,473,840,train,,,train,,,train,,,30.0,m,High school diploma / GED,AU,0,0,0
474,474,411,train,,,train,,,train,,,21.0,f,Some college,CA,0,0,0
475,475,52,train,,,train,,,train,,,24.0,m,College degree,US,0,1,0
476,476,1041,train,,,train,,,train,,,54.0,f,Some college,US,0,0,0
477,477,1094,train,,,train,,,train,,,19.0,m,Some college,US,0,0,0
478,478,549,train,,,train,,,train,,,33.0,m,Some high school,US,0,0,0
479,479,99,train,,,train,,,train,,,27.0,m,Some college,US,0,1,0
480,480,600,train,,,train,,,train,,,62.0,m,Master's degree,US,0,0,0
481,481,27,train,,,train,,,train,,,27.0,f,Master's degree,US,0,0,1
482,482,125,train,,,train,,,train,,,21.0,m,Some college,CA,0,0,0
483,483,229,train,,,train,,,train,,,31.0,m,Some college,US,0,0,0
484,484,143,train,,,train,,,train,,,35.0,m,High school diploma / GED,US,0,1,0
485,485,528,train,,,train,,,train,,,45.0,f,College degree,US,0,0,0
486,486,674,train,,,train,,,train,,,49.0,f,Master's degree,US,0,0,0
487,487,893,train,,,train,,,train,,,18.0,f,Some high school,US,0,0,0
488,488,850,train,,,train,,,train,,,21.0,m,High school diploma / GED,US,0,0,0
489,489,656,train,,,train,,,train,,,39.0,m,Master's degree,US,0,0,0
490,490,694,train,,,train,,,train,,,22.0,m,Some college,US,0,0,1
491,491,1070,train,,,train,,,train,,,54.0,f,High school diploma / GED,US,0,0,0
492,492,104,train,,,train,,,train,,,42.0,f,Master's degree,US,1,1,0
493,493,1009,train,,,train,,,train,,,22.0,m,Some college,US,0,0,0
494,494,643,train,,,train,,,train,,,75.0,f,High school diploma / GED,US,0,0,0
495,495,94,train,,,train,,,train,,,50.0,m,Professional degree,US,0,1,0
496,496,708,train,,,train,,,train,,,23.0,m,College degree,NZ,0,0,0
497,497,466,train,,,train,,,train,,,49.0,f,College degree,AU,0,0,0
498,498,82,train,,,train,,,train,,,45.0,f,Associate's degree,US,0,0,0
499,499,1002,train,,,train,,,train,,,25.0,m,Some college,US,0,0,0
500,500,390,train,,,train,,,train,,,24.0,m,College degree,US,1,0,1
501,501,668,train,,,train,,,train,,,57.0,f,Some college,AU,0,0,0
502,502,454,train,,,train,,,train,,,29.0,f,High school diploma / GED,US,0,0,0
503,503,767,train,,,train,,,train,,,48.0,m,High school diploma / GED,US,0,0,0
504,504,352,train,,,train,,,train,,,26.0,m,Associate's degree,US,0,0,0
505,505,299,train,,,train,,,train,,,58.0,m,College degree,US,0,0,0
506,506,63,train,,,train,,,train,,,64.0,f,Associate's degree,US,1,0,0
507,507,538,train,,,train,,,train,,,32.0,m,College degree,US,0,0,0
508,508,851,train,,,train,,,train,,,61.0,f,Some college,US,0,0,0
509,509,591,train,,,train,,,train,,,22.0,f,College degree,US,0,0,0
510,510,1020,train,,,train,,,train,,,43.0,m,Some high school,CA,0,0,0
511,511,558,train,,,train,,,train,,,33.0,m,Some college,CA,0,0,0
512,512,795,train,,,train,,,train,,,54.0,f,College degree,US,0,0,0
513,513,1025,train,,,train,,,train,,,54.0,f,College degree,CA,0,0,0
514,514,775,train,,,train,,,train,,,66.0,f,Master's degree,US,0,0,0
515,515,441,train,,,train,,,train,,,45.0,m,Master's degree,US,0,0,0
516,516,426,train,,,train,,,train,,,34.0,m,College degree,US,0,0,0
517,517,1047,train,,,train,,,train,,,32.0,f,College degree,US,0,0,0
518,518,486,train,,,train,,,train,,,24.0,m,College degree,US,0,0,0
519,519,483,train,,,train,,,train,,,68.0,f,College degree,US,0,0,0
520,520,6,train,,,train,,,train,,,45.0,m,Some college,US,1,1,1
521,521,435,train,,,train,,,train,,,19.0,m,Professional degree,NZ,0,0,0
522,522,241,train,,,train,,,train,,,31.0,f,College degree,US,0,0,0
523,523,588,train,,,train,,,train,,,24.0,m,High school diploma / GED,US,0,0,0
524,524,1096,train,,,train,,,train,,,61.0,m,College degree,CA,0,0,0
525,525,365,train,,,train,,,train,,,24.0,f,Associate's degree,CA,0,0,1
526,526,970,train,,,train,,,train,,,66.0,f,Some college,US,0,0,0
527,527,32,train,,,train,,,train,,,50.0,f,Associate's degree,AU,0,1,0
528,528,294,train,,,train,,,train,,,31.0,m,Master's degree,US,0,0,0
529,529,649,train,,,train,,,train,,,56.0,m,College degree,US,0,0,0
530,530,34,train,,,train,,,train,,,28.0,m,College degree,US,1,0,1
531,531,873,train,,,train,,,train,,,55.0,f,Associate's degree,US,0,0,0
532,532,338,train,,,train,,,train,,,34.0,m,Professional degree,AU,0,0,0
533,533,791,train,,,train,,,train,,,38.0,f,Some college,US,0,0,0
534,534,437,train,,,train,,,train,,,41.0,m,College degree,US,0,0,0
535,535,417,train,,,train,,,train,,,25.0,f,College degree,US,0,0,0
536,536,577,train,,,train,,,train,,,42.0,f,College degree,US,0,0,0
537,537,645,train,,,train,,,train,,,37.0,f,Ph.D.,CA,0,0,0
538,538,274,train,,,train,,,train,,,45.0,m,Master's degree,US,0,0,0
539,539,553,train,,,train,,,train,,,66.0,f,High school diploma / GED,CA,0,0,0
540,540,296,train,,,train,,,train,,,38.0,f,Master's degree,US,0,0,0
541,541,276,train,,,train,,,train,,,28.0,m,College degree,US,1,0,1
542,542,247,train,,,train,,,train,,,49.0,f,High school diploma / GED,US,0,0,0
543,543,545,train,,,train,,,train,,,51.0,f,Master's degree,US,0,0,0
544,544,707,train,,,train,,,train,,,43.0,m,Other,CA,0,0,0
545,545,385,train,,,train,,,train,,,21.0,m,College degree,US,0,0,0
546,546,885,train,,,train,,,train,,,60.0,f,Some college,US,0,0,0
547,547,1089,train,,,train,,,train,,,49.0,f,Some college,AU,0,0,0
548,548,1093,train,,,train,,,train,,,59.0,f,High school diploma / GED,US,0,0,0
549,549,364,train,,,train,,,train,,,59.0,m,Professional degree,US,0,0,0
550,550,16,train,,,train,,,train,,,23.0,m,Some college,US,1,1,0
551,551,67,train,,,train,,,train,,,58.0,m,College degree,US,1,1,0
552,552,521,train,,,train,,,train,,,29.0,m,Master's degree,US,0,0,0
553,553,608,train,,,train,,,train,,,69.0,f,Professional degree,US,0,0,0
554,554,225,train,,,train,,,train,,,51.0,f,Ph.D.,US,0,0,0
555,555,263,train,,,train,,,train,,,53.0,f,Master's degree,US,0,0,0
556,556,783,train,,,train,,,train,,,47.0,m,High school diploma / GED,US,0,0,0
557,557,1103,train,,,train,,,train,,,54.0,f,Some college,US,0,0,0
558,558,325,train,,,train,,,train,,,30.0,m,Some college,US,0,0,0
559,559,484,train,,,train,,,train,,,23.0,m,College degree,US,0,0,0
560,560,1110,train,,,train,,,train,,,70.0,m,Some college,US,0,0,0
561,561,916,train,,,train,,,train,,,28.0,m,Master's degree,US,0,0,0
562,562,586,train,,,train,,,train,,,26.0,f,Master's degree,CA,0,0,0
563,563,952,train,,,train,,,train,,,56.0,f,College degree,US,0,0,0
564,564,1036,train,,,train,,,train,,,31.0,m,High school diploma / GED,US,0,0,0
565,565,720,train,,,train,,,train,,,37.0,m,College degree,NZ,0,0,0
566,566,331,train,,,train,,,train,,,44.0,m,College degree,US,0,0,0
567,567,623,train,,,train,,,train,,,41.0,f,Associate's degree,US,0,0,0
568,568,956,train,,,train,,,train,,,28.0,m,College degree,CA,0,0,0
569,569,419,train,,,train,,,train,,,33.0,f,College degree,US,0,0,0
570,570,964,train,,,train,,,train,,,81.0,m,Master's degree,US,0,0,0
571,571,313,train,,,train,,,train,,,67.0,m,Master's degree,US,0,0,0
572,572,29,train,,,train,,,train,,,42.0,f,College degree,CA,1,1,0
573,573,262,train,,,train,,,train,,,63.0,f,College degree,US,0,0,0
574,574,254,train,,,train,,,train,,,53.0,f,College degree,US,0,0,0
575,575,907,train,,,train,,,train,,,37.0,m,Some college,CA,0,0,0
576,576,830,train,,,train,,,train,,,33.0,m,High school diploma / GED,US,0,0,0
577,577,603,train,,,train,,,train,,,59.0,f,Professional degree,US,0,0,0
578,578,132,train,,,train,,,train,,,38.0,f,Some college,AU,0,1,0
579,579,1083,train,,,train,,,train,,,50.0,m,College degree,US,0,0,0
580,580,1019,train,,,train,,,train,,,60.0,f,Associate's degree,AU,0,0,0
581,581,755,train,,,train,,,train,,,46.0,m,Some college,US,0,0,0
582,582,866,train,,,train,,,train,,,63.0,f,Some college,CA,0,0,0
583,583,861,train,,,train,,,train,,,49.0,f,College degree,US,0,0,0
584,584,972,train,,,train,,,train,,,18.0,f,High school diploma / GED,US,0,0,0
585,585,722,train,,,train,,,train,,,51.0,f,Master's degree,US,0,0,0
586,586,565,train,,,train,,,train,,,50.0,m,Some college,US,0,0,0
587,587,71,train,,,train,,,train,,,41.0,m,Some college,US,1,0,0
588,588,219,train,,,train,,,train,,,28.0,f,Associate's degree,US,0,0,0
589,589,609,train,,,train,,,train,,,49.0,f,Some college,US,0,0,0
590,590,209,train,,,train,,,train,,,32.0,m,College degree,US,0,0,0
591,591,534,train,,,train,,,train,,,29.0,f,College degree,US,1,0,0
592,592,103,train,,,train,,,train,,,43.0,m,Some college,US,0,0,0
593,593,155,train,,,train,,,train,,,43.0,f,College degree,US,0,0,0
594,594,467,train,,,train,,,train,,,21.0,m,College degree,AU,0,0,1
595,595,70,train,,,train,,,train,,,28.0,m,Master's degree,US,0,1,0
596,596,659,train,,,train,,,train,,,19.0,f,Some college,US,0,0,0
597,597,519,train,,,train,,,train,,,21.0,m,Some college,US,0,0,0
598,598,422,train,,,train,,,train,,,68.0,f,Master's degree,US,0,0,0
599,599,900,train,,,train,,,train,,,28.0,f,College degree,US,0,0,0
600,600,728,train,,,train,,,train,,,31.0,m,College degree,US,0,0,0
601,601,739,train,,,train,,,train,,,39.0,f,Master's degree,US,0,0,0
602,602,543,train,,,train,,,train,,,27.0,f,Associate's degree,US,0,0,0
603,603,494,train,,,train,,,train,,,59.0,f,Master's degree,US,0,0,0
604,604,946,train,,,train,,,train,,,33.0,m,College degree,US,0,0,0
605,605,632,train,,,train,,,train,,,46.0,m,Some college,US,0,0,0
606,606,842,train,,,train,,,train,,,29.0,m,College degree,US,0,0,0
607,607,20,train,,,train,,,train,,,28.0,m,Master's degree,US,1,1,1
608,608,781,train,,,train,,,train,,,57.0,f,Professional degree,US,0,0,0
609,609,812,train,,,train,,,train,,,23.0,m,College degree,US,0,0,0
610,610,705,train,,,train,,,train,,,48.0,m,College degree,US,0,0,0
611,611,969,train,,,train,,,train,,,43.0,f,Other,US,0,0,0
612,612,689,train,,,train,,,train,,,62.0,m,College degree,US,0,0,0
613,613,117,train,,,train,,,train,,,27.0,f,Master's degree,US,1,1,0
614,614,87,train,,,train,,,train,,,34.0,m,College degree,US,0,1,0
615,615,459,train,,,train,,,train,,,37.0,m,Some college,CA,0,0,0
616,616,673,train,,,train,,,train,,,49.0,f,College degree,US,0,0,0
617,617,500,train,,,train,,,train,,,37.0,f,Some college,US,0,0,0
618,618,424,train,,,train,,,train,,,58.0,m,Some college,US,0,0,0
619,619,883,train,,,train,,,train,,,22.0,m,Some college,US,0,0,0
620,620,665,train,,,train,,,train,,,59.0,f,Master's degree,US,0,0,0
621,621,963,train,,,train,,,train,,,59.0,m,Some college,AU,0,0,0
622,622,630,train,,,train,,,train,,,52.0,f,College degree,US,0,0,0
623,623,345,train,,,train,,,train,,,24.0,f,College degree,CA,0,0,0
624,624,530,train,,,train,,,train,,,21.0,f,Some college,US,0,0,0
625,625,230,train,,,train,,,train,,,50.0,f,Professional degree,US,1,0,0
626,626,1010,train,,,train,,,train,,,56.0,m,Some college,US,0,0,0
627,627,928,train,,,train,,,train,,,20.0,m,Some college,US,0,0,0
628,628,650,train,,,train,,,train,,,25.0,m,Some college,CA,0,0,0
629,629,145,train,,,train,,,train,,,26.0,m,College degree,US,1,0,1
630,630,199,train,,,train,,,train,,,27.0,m,College degree,CA,0,0,0
631,631,986,train,,,train,,,train,,,24.0,m,Some college,US,0,0,0
632,632,285,train,,,train,,,train,,,28.0,m,Some college,CA,0,0,0
633,633,368,train,,,train,,,train,,,59.0,f,College degree,US,0,0,0
634,634,127,train,,,train,,,train,,,22.0,m,Other,AU,0,1,0
635,635,403,train,,,train,,,train,,,46.0,m,College degree,US,0,0,0
636,636,976,train,,,train,,,train,,,54.0,f,Some college,US,0,0,0
637,637,1057,train,,,train,,,train,,,56.0,f,Professional degree,US,0,0,0
638,638,160,train,,,train,,,train,,,24.0,m,College degree,CA,1,0,1
639,639,764,train,,,train,,,train,,,41.0,m,College degree,US,0,0,0
640,640,1008,train,,,train,,,train,,,27.0,f,College degree,CA,0,0,0
641,641,321,train,,,train,,,train,,,45.0,f,College degree,US,0,0,0
642,642,1029,train,,,train,,,train,,,57.0,m,Master's degree,US,0,0,0
643,643,213,train,,,train,,,train,,,24.0,m,College degree,US,1,0,1
644,644,852,train,,,train,,,train,,,34.0,m,College degree,CA,0,0,0
645,645,349,train,,,train,,,train,,,50.0,f,College degree,US,0,0,0
646,646,359,train,,,train,,,train,,,22.0,f,College degree,CA,0,0,0
647,647,1,train,,,train,,,train,,,21.0,m,High school diploma / GED,US,1,1,1
648,648,692,train,,,train,,,train,,,27.0,m,Some college,US,0,0,0
649,649,215,train,,,train,,,train,,,23.0,m,College degree,CA,0,0,1
650,650,391,train,,,train,,,train,,,57.0,m,Master's degree,US,0,0,0
651,651,394,train,,,train,,,train,,,30.0,m,Some college,US,0,0,1
652,652,803,train,,,train,,,train,,,25.0,m,College degree,US,0,0,0
653,653,298,train,,,train,,,train,,,23.0,f,College degree,US,0,0,0
654,654,22,train,,,train,,,train,,,29.0,f,College degree,US,1,1,1
655,655,702,train,,,train,,,train,,,49.0,f,College degree,US,0,0,0
656,656,55,train,,,train,,,train,,,51.0,f,College degree,US,1,1,0
657,657,662,train,,,train,,,train,,,62.0,f,Master's degree,US,0,0,0
658,658,457,train,,,train,,,train,,,42.0,m,College degree,CA,0,0,0
659,659,919,train,,,train,,,train,,,73.0,f,Some college,US,0,0,0
660,660,725,train,,,train,,,train,,,44.0,f,Master's degree,US,0,0,0
661,661,557,train,,,train,,,train,,,63.0,f,Master's degree,US,0,0,0
662,662,547,train,,,train,,,train,,,33.0,f,Associate's degree,US,0,0,0
663,663,858,train,,,train,,,train,,,60.0,f,Other,US,0,0,0
664,664,884,train,,,train,,,train,,,53.0,m,College degree,CA,0,0,0
665,665,48,train,,,train,,,train,,,24.0,f,College degree,US,0,1,0
666,666,889,train,,,train,,,train,,,53.0,f,Associate's degree,US,0,0,0
667,667,814,train,,,train,,,train,,,66.0,f,Associate's degree,US,0,0,0
668,668,175,train,,,train,,,train,,,26.0,m,College degree,US,0,0,0
669,669,1106,train,,,train,,,train,,,65.0,f,College degree,US,0,0,0
670,670,456,train,,,train,,,train,,,55.0,f,Some college,US,0,0,0
671,671,664,train,,,train,,,train,,,36.0,m,Some college,US,0,0,0
672,672,92,train,,,train,,,train,,,55.0,f,Ph.D.,US,0,1,0
673,673,681,train,,,train,,,train,,,30.0,f,Associate's degree,US,0,0,0
674,674,372,train,,,train,,,train,,,52.0,f,Master's degree,US,0,0,0
675,675,187,train,,,train,,,train,,,56.0,m,College degree,US,0,0,0
676,676,1016,train,,,train,,,train,,,54.0,m,Some college,US,0,0,0
677,677,973,train,,,train,,,train,,,33.0,f,Master's degree,US,0,0,0
678,678,149,train,,,train,,,train,,,26.0,m,Associate's degree,US,0,1,0
679,679,667,train,,,train,,,train,,,25.0,f,College degree,US,0,0,0
680,680,377,train,,,train,,,train,,,38.0,m,Master's degree,US,0,0,0
681,681,344,train,,,train,,,train,,,23.0,m,Some college,US,0,0,0
682,682,943,train,,,train,,,train,,,71.0,f,Master's degree,US,0,0,0
683,683,204,train,,,train,,,train,,,45.0,m,Master's degree,US,0,0,0
684,684,309,train,,,train,,,train,,,39.0,m,College degree,US,0,0,1
685,685,191,train,,,train,,,train,,,59.0,f,College degree,US,1,0,0
686,686,772,train,,,train,,,train,,,49.0,f,Master's degree,US,0,0,0
687,687,716,train,,,train,,,train,,,45.0,m,College degree,CA,0,0,0
688,688,306,train,,,train,,,train,,,28.0,m,College degree,AU,0,0,0
689,689,1107,train,,,train,,,train,,,36.0,m,High school diploma / GED,US,0,0,0
690,690,868,train,,,train,,,train,,,52.0,f,High school diploma / GED,US,0,0,0
691,691,130,train,,,train,,,train,,,21.0,m,Some college,CA,0,1,1
692,692,492,train,,,train,,,train,,,48.0,f,Professional degree,US,0,0,0
693,693,9,train,,,train,,,train,,,24.0,m,Master's degree,US,1,1,1
694,694,510,train,,,train,,,train,,,47.0,m,Master's degree,US,1,0,0
695,695,495,train,,,train,,,train,,,37.0,f,College degree,US,0,0,0
696,696,353,train,,,train,,,train,,,38.0,m,College degree,US,0,0,0
697,697,428,train,,,train,,,train,,,27.0,m,College degree,US,0,0,0
698,698,984,train,,,train,,,train,,,59.0,f,College degree,US,0,0,0
699,699,18,train,,,train,,,train,,,24.0,m,Master's degree,US,1,0,1
700,700,575,train,,,train,,,train,,,62.0,f,Master's degree,US,0,0,0
701,701,763,train,,,train,,,train,,,71.0,f,College degree,US,0,0,0
702,702,695,train,,,train,,,train,,,44.0,f,Master's degree,US,0,0,0
703,703,838,train,,,train,,,train,,,46.0,f,Master's degree,US,0,0,0
704,704,340,train,,,train,,,train,,,35.0,m,Some college,US,1,0,0
705,705,142,train,,,train,,,train,,,43.0,f,Master's degree,US,0,1,0
706,706,585,train,,,train,,,train,,,61.0,m,College degree,US,0,0,0
707,707,514,train,,,train,,,train,,,53.0,f,Master's degree,US,0,0,0
708,708,520,train,,,train,,,train,,,58.0,m,College degree,US,0,0,0
709,709,314,train,,,train,,,train,,,41.0,f,Associate's degree,US,0,0,1
710,710,606,train,,,train,,,train,,,69.0,f,College degree,US,0,0,0
711,711,301,train,,,train,,,train,,,48.0,m,Ph.D.,US,0,0,0
712,712,757,train,,,train,,,train,,,35.0,m,Master's degree,US,0,0,0
713,713,278,train,,,train,,,train,,,30.0,m,Associate's degree,US,1,0,1
714,714,950,train,,,train,,,train,,,21.0,f,College degree,US,0,0,0
715,715,303,train,,,train,,,train,,,57.0,f,Other,US,0,0,0
716,716,137,train,,,train,,,train,,,18.0,m,Some college,US,0,0,1
717,717,43,train,,,train,,,train,,,27.0,f,Some college,US,0,1,0
718,718,381,train,,,train,,,train,,,22.0,m,High school diploma / GED,US,0,0,0
719,719,218,train,,,train,,,train,,,45.0,f,Professional degree,US,0,0,0
720,720,154,train,,,train,,,train,,,23.0,m,College degree,US,0,0,0
721,721,947,train,,,train,,,train,,,63.0,f,Some college,US,0,0,0
722,722,961,train,,,train,,,train,,,60.0,f,Professional degree,CA,0,0,0
723,723,542,train,,,train,,,train,,,31.0,m,Master's degree,US,1,0,0
724,724,835,train,,,train,,,train,,,56.0,m,College degree,US,0,0,0
725,725,568,train,,,train,,,train,,,33.0,m,College degree,US,0,0,1
726,726,233,train,,,train,,,train,,,19.0,f,Some college,US,0,0,0
727,727,272,train,,,train,,,train,,,25.0,m,Master's degree,US,0,0,0
728,728,31,train,,,train,,,train,,,44.0,m,Some college,CA,0,1,1
729,729,197,train,,,train,,,train,,,35.0,f,College degree,US,0,0,0
730,730,687,train,,,train,,,train,,,41.0,f,College degree,US,0,0,0
731,731,843,train,,,train,,,train,,,61.0,f,Master's degree,US,0,0,0
732,732,740,train,,,train,,,train,,,35.0,m,Professional degree,US,0,0,0
733,733,810,train,,,train,,,train,,,53.0,f,Some college,US,0,0,0
734,734,839,train,,,train,,,train,,,60.0,f,Associate's degree,US,0,0,0
735,735,489,train,,,train,,,train,,,66.0,f,Master's degree,US,0,0,0
736,736,151,train,,,train,,,train,,,51.0,f,Master's degree,US,0,0,0
737,737,183,train,,,train,,,train,,,41.0,f,Master's degree,US,1,0,0
738,738,91,train,,,train,,,train,,,52.0,f,Professional degree,AU,0,0,0
739,739,806,train,,,train,,,train,,,27.0,m,Some college,CA,0,0,0
740,740,376,train,,,train,,,train,,,53.0,f,College degree,US,0,0,0
741,741,718,train,,,train,,,train,,,61.0,f,Associate's degree,CA,0,0,0
742,742,405,train,,,train,,,train,,,49.0,f,Professional degree,US,0,0,0
743,743,146,train,,,train,,,train,,,30.0,f,College degree,US,0,0,0
744,744,561,train,,,train,,,train,,,24.0,m,College degree,US,0,0,0
745,745,927,train,,,train,,,train,,,56.0,f,College degree,US,0,0,0
746,746,896,train,,,train,,,train,,,62.0,f,Master's degree,US,0,0,0
747,747,658,train,,,train,,,train,,,26.0,m,High school diploma / GED,CA,0,0,0
748,748,579,train,,,train,,,train,,,18.0,m,High school diploma / GED,US,0,0,0
749,749,1031,train,,,train,,,train,,,66.0,m,College degree,US,0,0,0
750,750,57,train,,,train,,,train,,,22.0,m,Some college,US,0,0,0
751,751,371,train,,,train,,,train,,,34.0,m,Master's degree,US,1,0,0
752,752,50,train,,,train,,,train,,,33.0,m,Master's degree,US,1,0,1
753,753,98,train,,,train,,,train,,,37.0,f,College degree,US,0,1,0
754,754,614,train,,,train,,,train,,,66.0,f,Some college,US,0,0,0
755,755,305,train,,,train,,,train,,,23.0,m,Some college,US,0,0,0
756,756,913,train,,,train,,,train,,,20.0,m,College degree,CA,0,0,0
757,757,744,train,,,train,,,train,,,28.0,m,College degree,US,0,0,0
758,758,753,train,,,train,,,train,,,21.0,m,Some college,US,0,0,0
759,759,529,train,,,train,,,train,,,30.0,f,Master's degree,AU,0,0,0
760,760,786,train,,,train,,,train,,,52.0,f,Some college,US,0,0,0
761,761,346,train,,,train,,,train,,,57.0,m,Master's degree,US,0,0,0
762,762,754,train,,,train,,,train,,,47.0,m,Associate's degree,US,0,0,0
763,763,629,train,,,train,,,train,,,80.0,f,College degree,US,0,0,0
764,764,727,train,,,train,,,train,,,34.0,f,Some college,US,0,0,0
765,765,488,train,,,train,,,train,,,61.0,f,Some college,US,0,0,0
766,766,798,train,,,train,,,train,,,20.0,m,Some college,US,0,0,0
767,767,25,train,,,train,,,train,,,43.0,f,College degree,US,1,1,1
768,768,4,train,,,train,,,train,,,34.0,m,College degree,US,1,1,1
769,769,622,train,,,train,,,train,,,65.0,f,College degree,US,0,0,0
770,770,449,train,,,train,,,train,,,31.0,m,College degree,US,0,0,1
771,771,817,train,,,train,,,train,,,52.0,m,Professional degree,US,0,0,0
772,772,88,train,,,train,,,train,,,36.0,f,Master's degree,CA,0,1,0
773,773,683,train,,,train,,,train,,,35.0,m,Other,CA,0,0,0
774,774,504,train,,,train,,,train,,,24.0,m,College degree,US,0,0,0
775,775,523,train,,,train,,,train,,,46.0,f,College degree,US,0,0,0
776,776,1077,train,,,train,,,train,,,67.0,m,Professional degree,US,0,0,0
777,777,375,train,,,train,,,train,,,29.0,m,College degree,US,0,0,0
778,778,860,train,,,train,,,train,,,23.0,m,College degree,US,0,0,0
779,779,955,train,,,train,,,train,,,72.0,f,Associate's degree,US,0,0,0
780,780,326,train,,,train,,,train,,,28.0,f,College degree,AU,0,0,0
781,781,698,train,,,train,,,train,,,32.0,m,Master's degree,US,0,0,0
782,782,1038,train,,,train,,,train,,,46.0,f,College degree,US,0,0,0
783,783,443,train,,,train,,,train,,,22.0,f,College degree,US,0,0,0
784,784,882,train,,,train,,,train,,,37.0,m,College degree,US,0,0,0
785,785,379,train,,,train,,,train,,,25.0,m,College degree,US,0,0,0
786,786,832,train,,,train,,,train,,,26.0,f,Some college,US,0,0,0
787,787,826,train,,,train,,,train,,,50.0,f,College degree,US,0,0,0
788,788,730,train,,,train,,,train,,,46.0,m,College degree,US,0,0,0
789,789,10,train,,,train,,,train,,,33.0,m,Master's degree,US,1,1,1
790,790,1095,train,,,train,,,train,,,61.0,m,Associate's degree,US,0,0,0
791,791,61,train,,,train,,,train,,,38.0,f,Professional degree,US,0,0,0
792,792,85,train,,,train,,,train,,,49.0,f,Some high school,NZ,0,0,0
793,793,21,train,,,train,,,train,,,35.0,m,College degree,CA,1,1,1
794,794,820,train,,,train,,,train,,,38.0,f,College degree,US,0,0,0
795,795,121,train,,,train,,,train,,,27.0,m,Some college,US,0,1,0
796,796,288,train,,,train,,,train,,,52.0,m,College degree,US,0,0,0
797,797,108,train,,,train,,,train,,,26.0,m,College degree,US,1,0,1
798,798,592,train,,,train,,,train,,,30.0,f,Some college,US,0,0,0
799,799,909,train,,,train,,,train,,,29.0,m,College degree,US,0,0,0
800,800,165,train,,,train,,,train,,,45.0,f,High school diploma / GED,AU,0,0,0
801,801,879,train,,,train,,,train,,,50.0,f,Master's degree,US,0,0,0
802,802,818,train,,,train,,,train,,,70.0,f,Some college,US,0,0,0
803,803,637,train,,,train,,,train,,,71.0,f,Ph.D.,US,0,0,0
804,804,44,train,,,train,,,train,,,31.0,m,Master's degree,US,1,1,1
805,805,354,train,,,train,,,train,,,29.0,f,Master's degree,US,0,0,0
806,806,797,train,,,train,,,train,,,55.0,m,Ph.D.,US,0,0,0
807,807,773,train,,,train,,,train,,,44.0,m,Professional degree,US,0,0,0
808,808,173,train,,,train,,,train,,,45.0,m,Some college,US,0,0,0
809,809,54,train,,,train,,,train,,,22.0,m,Associate's degree,US,0,0,1
810,810,675,train,,,train,,,train,,,51.0,f,Some college,US,0,0,0
811,811,389,train,,,train,,,train,,,33.0,f,College degree,US,0,0,0
812,812,589,train,,,train,,,train,,,63.0,f,College degree,CA,0,0,0
813,813,679,train,,,train,,,train,,,30.0,m,High school diploma / GED,US,0,0,0
814,814,329,train,,,train,,,train,,,43.0,m,Master's degree,US,1,0,0
815,815,876,train,,,train,,,train,,,27.0,m,College degree,US,0,0,0
816,816,102,train,,,train,,,train,,,34.0,m,College degree,US,0,1,1
817,817,123,train,,,train,,,train,,,24.0,m,College degree,US,1,1,0
818,818,717,train,,,train,,,train,,,64.0,f,Some college,US,0,0,0
819,819,938,train,,,train,,,train,,,36.0,m,High school diploma / GED,CA,0,0,0
820,820,678,train,,,train,,,train,,,33.0,m,Other,CA,0,0,0
821,821,1052,train,,,train,,,train,,,19.0,f,Some college,US,0,0,0
822,822,75,train,,,train,,,train,,,25.0,m,Some college,AU,0,0,0
823,823,1049,train,,,train,,,train,,,43.0,m,Some college,AU,0,0,0
824,824,315,train,,,train,,,train,,,28.0,m,College degree,US,0,0,0
825,825,758,train,,,train,,,train,,,61.0,f,Some college,US,0,0,0
826,826,8,train,,,train,,,train,,,43.0,f,Master's degree,US,1,1,1
827,827,129,train,,,train,,,train,,,56.0,f,Some college,US,0,1,0
828,828,807,train,,,train,,,train,,,19.0,f,Some college,US,0,0,0
829,829,461,train,,,train,,,train,,,52.0,f,College degree,US,0,0,0
830,830,1033,train,,,train,,,train,,,63.0,m,College degree,US,0,0,0
831,831,1071,train,,,train,,,train,,,75.0,f,Ph.D.,US,0,0,0
832,832,476,train,,,train,,,train,,,51.0,f,Some college,US,0,0,0
833,833,552,train,,,train,,,train,,,23.0,m,College degree,US,0,0,1
834,834,141,train,,,train,,,train,,,39.0,f,Associate's degree,US,0,0,0
835,835,993,train,,,train,,,train,,,31.0,f,College degree,CA,0,0,0
836,836,423,train,,,train,,,train,,,60.0,f,College degree,US,0,0,0
837,837,948,train,,,train,,,train,,,56.0,f,High school diploma / GED,AU,0,0,0
838,838,1054,train,,,train,,,train,,,44.0,f,Master's degree,US,0,0,0
839,839,607,train,,,train,,,train,,,63.0,f,College degree,US,0,0,0
840,840,672,train,,,train,,,train,,,18.0,m,High school diploma / GED,US,0,0,0
841,841,192,train,,,train,,,train,,,22.0,f,Professional degree,AU,0,0,0
842,842,217,train,,,train,,,train,,,32.0,m,College degree,US,1,0,0
843,843,513,train,,,train,,,train,,,61.0,m,Professional degree,US,0,0,0
844,844,144,train,,,train,,,train,,,46.0,m,Ph.D.,US,0,0,0
845,845,481,train,,,train,,,train,,,45.0,f,Master's degree,US,0,0,0
846,846,937,train,,,train,,,train,,,60.0,m,Master's degree,US,0,0,0
847,847,891,train,,,train,,,train,,,55.0,f,College degree,US,0,0,0
848,848,555,train,,,train,,,train,,,31.0,m,College degree,US,0,0,0
849,849,438,train,,,train,,,train,,,62.0,f,Associate's degree,US,0,0,0
850,850,250,train,,,train,,,train,,,36.0,f,Some college,US,0,0,0
851,851,337,train,,,train,,,train,,,26.0,m,College degree,US,0,0,0
852,852,836,train,,,train,,,train,,,58.0,f,College degree,US,0,0,0
853,853,1099,train,,,train,,,train,,,31.0,m,High school diploma / GED,US,0,0,0
854,854,942,train,,,train,,,train,,,48.0,f,High school diploma / GED,AU,0,0,0
855,855,995,train,,,train,,,train,,,51.0,f,High school diploma / GED,US,0,0,0
856,856,774,train,,,train,,,train,,,67.0,f,Some college,US,0,0,0
857,857,110,train,,,train,,,train,,,33.0,f,Master's degree,US,0,0,0
858,858,951,train,,,train,,,train,,,25.0,m,College degree,US,0,0,0
859,859,168,train,,,train,,,train,,,30.0,m,Some college,US,0,0,0
860,860,1022,train,,,train,,,train,,,55.0,m,High school diploma / GED,US,0,0,0
861,861,737,train,,,train,,,train,,,26.0,f,Some college,US,0,0,0
862,862,277,train,,,train,,,train,,,32.0,m,Some college,US,0,0,0
863,863,914,train,,,train,,,train,,,39.0,f,College degree,NZ,0,0,0
864,864,688,train,,,train,,,train,,,67.0,f,College degree,US,0,0,0
865,865,769,train,,,train,,,train,,,61.0,f,Professional degree,US,0,0,0
866,866,356,train,,,train,,,train,,,41.0,f,College degree,US,0,0,0
867,867,1102,train,,,train,,,train,,,65.0,f,Some college,US,0,0,0
868,868,967,train,,,train,,,train,,,51.0,f,College degree,US,0,0,0
869,869,282,train,,,train,,,train,,,37.0,f,Some college,US,0,0,0
870,870,1075,train,,,train,,,train,,,53.0,f,Master's degree,US,0,0,0
871,871,62,train,,,train,,,train,,,26.0,f,Some college,US,0,1,0
872,872,312,train,,,train,,,train,,,62.0,f,College degree,AU,0,0,0
873,873,939,train,,,train,,,train,,,47.0,m,Some college,CA,0,0,0
874,874,996,train,,,train,,,train,,,27.0,m,Some college,US,0,0,0
875,875,2,train,,,train,,,train,,,38.0,m,Some college,US,1,0,1
876,876,703,train,,,train,,,train,,,26.0,m,College degree,US,1,0,0
877,877,1030,train,,,train,,,train,,,46.0,m,College degree,US,0,0,0
878,878,745,train,,,train,,,train,,,18.0,m,High school diploma / GED,CA,0,0,0
879,879,990,train,,,train,,,train,,,55.0,m,Ph.D.,US,0,0,0
880,880,271,train,,,train,,,train,,,26.0,m,College degree,US,0,0,0
881,881,28,train,,,train,,,train,,,22.0,f,Some college,US,0,1,1
882,882,310,train,,,train,,,train,,,63.0,m,Master's degree,CA,0,0,0
883,883,442,train,,,train,,,train,,,39.0,f,Master's degree,US,0,0,0
884,884,266,train,,,train,,,train,,,47.0,f,Some college,AU,0,0,0
885,885,260,train,,,train,,,train,,,19.0,f,Some college,US,0,0,0
886,886,997,train,,,train,,,train,,,35.0,m,Some college,US,0,0,0
887,887,358,train,,,train,,,train,,,53.0,f,College degree,US,0,0,0
888,888,906,train,,,train,,,train,,,70.0,f,Master's degree,US,0,0,0
889,889,152,train,,,train,,,train,,,18.0,m,Some college,US,1,1,1
890,890,759,train,,,train,,,train,,,80.0,f,Master's degree,US,0,0,0
891,891,635,train,,,train,,,train,,,27.0,m,Associate's degree,US,0,0,0
892,892,401,train,,,train,,,train,,,23.0,m,Associate's degree,US,0,0,0
893,893,958,train,,,train,,,train,,,26.0,m,College degree,US,1,0,1
894,894,910,train,,,train,,,train,,,25.0,f,College degree,US,0,0,0
895,895,628,train,,,train,,,train,,,24.0,m,Master's degree,CA,0,0,0
896,896,949,train,,,train,,,train,,,47.0,m,College degree,US,0,0,0
897,897,1051,train,,,train,,,train,,,63.0,m,Some college,US,0,0,0
898,898,35,train,,,train,,,train,,,41.0,f,Associate's degree,US,1,1,0
899,899,418,train,,,train,,,train,,,51.0,f,College degree,US,0,0,0
900,900,386,train,,,train,,,train,,,46.0,m,Professional degree,US,0,0,0
901,901,508,train,,,train,,,train,,,46.0,f,Some college,US,0,0,0
902,902,918,train,,,train,,,train,,,47.0,m,Some college,US,0,0,0
903,903,220,train,,,train,,,train,,,35.0,f,College degree,US,0,0,0
904,904,264,train,,,train,,,train,,,28.0,f,Associate's degree,US,0,0,1
905,905,463,train,,,train,,,train,,,45.0,m,College degree,CA,1,0,0
906,906,780,train,,,train,,,train,,,57.0,m,Associate's degree,US,0,0,0
907,907,291,train,,,train,,,train,,,57.0,m,College degree,US,0,0,0
908,908,265,train,,,train,,,train,,,27.0,m,Some college,CA,0,0,0
909,909,164,train,,,train,,,train,,,27.0,m,Master's degree,US,0,1,0
910,910,917,train,,,train,,,train,,,26.0,m,Some college,CA,0,0,0
911,911,733,train,,,train,,,train,,,56.0,f,Some college,AU,0,0,0
912,912,1088,train,,,train,,,train,,,55.0,f,Some college,US,0,0,0
913,913,615,train,,,train,,,train,,,58.0,m,Some college,US,0,0,0
914,914,56,train,,,train,,,train,,,33.0,f,Master's degree,US,1,1,0
915,915,936,train,,,train,,,train,,,47.0,f,Some college,US,0,0,0
916,916,448,train,,,train,,,train,,,42.0,m,College degree,US,0,0,0
917,917,203,train,,,train,,,train,,,34.0,m,College degree,US,0,0,0
918,918,790,train,,,train,,,train,,,51.0,f,High school diploma / GED,AU,0,0,0
919,919,474,train,,,train,,,train,,,42.0,m,High school diploma / GED,US,0,0,0
920,920,355,train,,,train,,,train,,,21.0,m,High school diploma / GED,AU,0,0,0
921,921,940,train,,,train,,,train,,,32.0,m,College degree,US,1,0,0
922,922,280,train,,,train,,,train,,,51.0,f,College degree,US,0,0,0
923,923,941,train,,,train,,,train,,,22.0,m,Some college,US,0,0,0
924,924,1003,train,,,train,,,train,,,40.0,m,College degree,US,0,0,0
925,925,477,train,,,train,,,train,,,29.0,m,College degree,US,0,0,0
926,926,546,train,,,train,,,train,,,47.0,m,Master's degree,US,0,0,0
927,927,1014,train,,,train,,,train,,,28.0,f,Some college,AU,0,0,0
928,928,636,train,,,train,,,train,,,54.0,m,Master's degree,AU,0,0,0
929,929,857,train,,,train,,,train,,,21.0,m,High school diploma / GED,US,0,0,0
930,930,841,train,,,train,,,train,,,57.0,m,College degree,US,0,0,0
931,931,53,train,,,train,,,train,,,37.0,m,College degree,US,1,1,0
932,932,794,train,,,train,,,train,,,30.0,m,College degree,US,0,0,0
933,933,1078,train,,,train,,,train,,,26.0,m,College degree,US,0,0,0
934,934,1064,train,,,train,,,train,,,90.0,f,High school diploma / GED,US,0,0,0
935,935,593,train,,,train,,,train,,,56.0,f,High school diploma / GED,CA,0,0,0
936,936,140,train,,,train,,,train,,,46.0,f,Master's degree,US,0,0,0
937,937,930,train,,,train,,,train,,,55.0,m,Master's degree,US,0,0,0
938,938,934,train,,,train,,,train,,,71.0,f,College degree,US,0,0,0
939,939,332,train,,,train,,,train,,,46.0,f,College degree,AU,0,0,0
940,940,756,train,,,train,,,train,,,36.0,f,Some college,AU,0,0,0
941,941,196,train,,,train,,,train,,,52.0,f,Associate's degree,US,0,0,0
942,942,261,train,,,train,,,train,,,39.0,f,High school diploma / GED,NZ,0,0,0
943,943,409,train,,,train,,,train,,,20.0,f,Some college,US,0,0,0
944,944,712,train,,,train,,,train,,,36.0,m,Associate's degree,US,0,0,0
945,945,710,train,,,train,,,train,,,39.0,f,Some college,US,0,0,0
946,946,273,train,,,train,,,train,,,36.0,m,College degree,US,0,0,0
947,947,734,train,,,train,,,train,,,27.0,m,Master's degree,US,0,0,0
948,948,138,train,,,train,,,train,,,33.0,m,Some high school,US,0,0,1
949,949,482,train,,,train,,,train,,,45.0,m,College degree,US,1,0,0
950,950,1006,train,,,train,,,train,,,33.0,f,Other,CA,0,0,0
951,951,805,train,,,train,,,train,,,37.0,m,Some college,US,0,0,0
952,952,731,train,,,train,,,train,,,37.0,f,College degree,US,0,0,0
953,953,406,train,,,train,,,train,,,60.0,m,Some college,US,0,0,0
954,954,96,train,,,train,,,train,,,28.0,m,College degree,CA,0,1,0
955,955,989,train,,,train,,,train,,,61.0,f,Master's degree,US,0,0,0
956,956,1053,train,,,train,,,train,,,67.0,m,Associate's degree,US,0,0,0
957,957,472,train,,,train,,,train,,,20.0,m,Some college,US,0,0,0
958,958,564,train,,,train,,,train,,,60.0,f,College degree,US,0,0,0
959,959,888,train,,,train,,,train,,,34.0,f,College degree,US,0,0,0
960,960,1067,train,,,train,,,train,,,47.0,f,College degree,US,0,0,0
961,961,404,train,,,train,,,train,,,23.0,m,Some college,US,0,0,1
962,962,259,train,,,train,,,train,,,26.0,m,College degree,US,0,0,0
963,963,366,train,,,train,,,train,,,19.0,m,High school diploma / GED,US,0,0,0
964,964,256,train,,,train,,,train,,,49.0,f,Master's degree,US,0,0,0
965,965,870,train,,,train,,,train,,,50.0,f,Some college,AU,0,0,0
966,966,473,train,,,train,,,train,,,33.0,m,College degree,US,0,0,0
967,967,535,train,,,train,,,train,,,58.0,f,Associate's degree,US,0,0,0
968,968,120,train,,,train,,,train,,,31.0,m,Some college,CA,0,1,1
969,969,148,train,,,train,,,train,,,59.0,m,Master's degree,CA,0,0,0
970,970,819,train,,,train,,,train,,,58.0,f,College degree,US,0,0,0
971,971,686,train,,,train,,,train,,,45.0,m,College degree,US,0,0,0
972,972,654,train,,,train,,,train,,,49.0,f,College degree,CA,0,0,0
973,973,554,train,,,train,,,train,,,28.0,f,College degree,AU,0,0,0
974,974,1035,train,,,train,,,train,,,18.0,f,Some high school,AU,0,0,0
975,975,631,train,,,train,,,train,,,69.0,f,Master's degree,US,0,0,0
976,976,1104,train,,,train,,,train,,,75.0,f,Professional degree,US,0,0,0
977,977,452,train,,,train,,,train,,,23.0,m,Some college,US,0,0,0
978,978,959,train,,,train,,,train,,,69.0,m,College degree,US,0,0,0
979,979,573,train,,,train,,,train,,,48.0,f,Master's degree,US,0,0,0
980,980,1018,train,,,train,,,train,,,51.0,m,College degree,US,0,0,0
981,981,762,train,,,train,,,train,,,60.0,f,Some college,US,0,0,0
982,982,1109,train,,,train,,,train,,,63.0,f,College degree,US,0,0,0
983,983,539,train,,,train,,,train,,,26.0,m,Master's degree,US,0,0,0
984,984,540,train,,,train,,,train,,,49.0,m,Master's degree,US,0,0,0
985,985,726,train,,,train,,,train,,,25.0,m,Some college,US,0,0,0
986,986,962,train,,,train,,,train,,,19.0,m,High school diploma / GED,US,0,0,0
987,987,469,train,,,train,,,train,,,52.0,f,Professional degree,NZ,0,0,0
988,988,596,train,,,train,,,train,,,46.0,f,Ph.D.,US,0,0,0
989,989,846,train,,,train,,,train,,,59.0,f,Some college,US,0,0,0
990,990,224,train,,,train,,,train,,,25.0,m,College degree,US,0,0,1
991,991,912,train,,,train,,,train,,,21.0,m,College degree,AU,0,0,0
992,992,297,train,,,train,,,train,,,47.0,f,College degree,US,0,0,0
993,993,816,train,,,train,,,train,,,51.0,f,Associate's degree,US,0,0,0
994,994,1085,train,,,train,,,train,,,70.0,m,Some college,AU,0,0,0
995,995,480,train,,,train,,,train,,,39.0,m,Some college,US,0,0,0
996,996,328,train,,,train,,,train,,,43.0,f,Master's degree,US,0,0,0
997,997,1043,train,,,train,,,train,,,54.0,m,High school diploma / GED,US,0,0,0
998,998,511,train,,,train,,,train,,,65.0,f,Master's degree,US,0,0,0
999,999,1028,train,,,train,,,train,,,44.0,f,Professional degree,CA,0,0,0
1000,1000,235,train,,,train,,,train,,,59.0,f,College degree,US,0,0,0
1001,1001,988,train,,,train,,,train,,,49.0,f,College degree,US,0,0,0
1002,1002,420,train,,,train,,,train,,,58.0,f,Some college,CA,0,0,0
1003,1003,425,train,,,train,,,train,,,27.0,m,Master's degree,US,0,0,0
1004,1004,49,train,,,train,,,train,,,32.0,f,Professional degree,US,0,1,0
1005,1005,396,train,,,train,,,train,,,25.0,m,College degree,US,0,0,0
1006,1006,413,train,,,train,,,train,,,55.0,f,Master's degree,US,0,0,0
1007,1007,281,train,,,train,,,train,,,21.0,m,College degree,NZ,0,0,0
1008,1008,921,train,,,train,,,train,,,48.0,f,Some college,US,0,0,0
1009,1009,833,train,,,train,,,train,,,26.0,m,College degree,US,0,0,0
1010,1010,1039,train,,,train,,,train,,,58.0,f,Master's degree,US,0,0,0
1011,1011,161,train,,,train,,,train,,,28.0,m,College degree,US,1,1,1
1012,1012,1062,train,,,train,,,train,,,48.0,f,Some college,US,0,0,0
1013,1013,14,train,,,train,,,train,,,30.0,f,College degree,US,1,1,1
1014,1014,663,train,,,train,,,train,,,39.0,f,Master's degree,US,0,0,0
1015,1015,804,train,,,train,,,train,,,27.0,m,Some college,US,0,0,0
1016,1016,1007,train,,,train,,,train,,,59.0,m,Master's degree,US,0,0,0
1017,1017,1087,train,,,train,,,train,,,49.0,m,High school diploma / GED,US,0,0,0
1018,1018,793,train,,,train,,,train,,,33.0,f,Some college,US,0,0,0
1019,1019,661,train,,,train,,,train,,,25.0,m,Master's degree,US,0,0,0
1020,1020,320,train,,,train,,,train,,,47.0,f,College degree,CA,0,0,0
1021,1021,286,train,,,train,,,train,,,28.0,m,College degree,US,0,0,0
1022,1022,334,train,,,train,,,train,,,38.0,m,College degree,US,0,0,0
1023,1023,339,train,,,train,,,train,,,40.0,m,Master's degree,US,0,0,0
1024,1024,709,train,,,train,,,train,,,71.0,f,College degree,US,0,0,0
1025,1025,874,train,,,train,,,train,,,51.0,m,Professional degree,NZ,0,0,0
1026,1026,392,train,,,train,,,train,,,50.0,f,Some college,CA,0,0,1
1027,1027,290,train,,,train,,,train,,,25.0,m,Ph.D.,US,0,0,1
1028,1028,478,train,,,train,,,train,,,28.0,f,College degree,CA,0,0,0
1029,1029,509,train,,,train,,,train,,,56.0,m,Professional degree,US,0,0,0
1030,1030,89,train,,,train,,,train,,,35.0,m,Professional degree,AU,0,0,0
1031,1031,859,train,,,train,,,train,,,20.0,m,Some college,US,0,0,0
1032,1032,490,train,,,train,,,train,,,31.0,m,Professional degree,US,0,0,0
1033,1033,475,train,,,train,,,train,,,53.0,m,Associate's degree,US,0,0,0
1034,1034,408,train,,,train,,,train,,,49.0,f,College degree,US,0,0,0
1035,1035,112,train,,,train,,,train,,,28.0,f,Master's degree,US,0,1,0
1036,1036,206,train,,,train,,,train,,,37.0,m,Professional degree,CA,0,0,0
1037,1037,246,train,,,train,,,train,,,49.0,m,College degree,US,0,0,0
1038,1038,471,train,,,train,,,train,,,35.0,f,Master's degree,US,0,0,0
1039,1039,611,train,,,train,,,train,,,20.0,m,Some college,US,1,0,0
1040,1040,106,train,,,train,,,train,,,30.0,f,Some college,US,0,1,0
1041,1041,402,train,,,train,,,train,,,45.0,f,Master's degree,US,0,0,0
1042,1042,902,train,,,train,,,train,,,54.0,f,Master's degree,CA,0,0,0
1043,1043,208,train,,,train,,,train,,,67.0,f,Master's degree,US,0,0,0
1044,1044,503,train,,,train,,,train,,,65.0,f,Other,US,0,0,0
1045,1045,214,train,,,train,,,train,,,32.0,m,College degree,US,0,0,0
1046,1046,864,train,,,train,,,train,,,46.0,m,Associate's degree,US,0,0,0
1047,1047,147,train,,,train,,,train,,,40.0,f,Other,CA,0,0,0
1048,1048,792,train,,,train,,,train,,,44.0,m,Other,US,0,0,0
1049,1049,982,train,,,train,,,train,,,26.0,m,High school diploma / GED,AU,0,0,0
1050,1050,748,train,,,train,,,train,,,50.0,f,Other,US,0,0,0
1051,1051,1017,train,,,train,,,train,,,56.0,f,College degree,US,0,0,0
1052,1052,638,train,,,train,,,train,,,66.0,f,College degree,US,0,0,0
1053,1053,1090,train,,,train,,,train,,,53.0,f,College degree,AU,0,0,0
1054,1054,227,train,,,train,,,train,,,54.0,f,Master's degree,US,0,0,0
1055,1055,761,train,,,train,,,train,,,18.0,f,High school diploma / GED,CA,0,0,0
1056,1056,1068,train,,,train,,,train,,,54.0,m,College degree,US,0,0,0
1057,1057,26,train,,,train,,,train,,,51.0,f,Master's degree,CA,1,1,0
1058,1058,617,train,,,train,,,train,,,44.0,f,College degree,US,0,0,0
1059,1059,414,train,,,train,,,train,,,19.0,m,Associate's degree,US,0,0,0
1060,1060,496,train,,,train,,,train,,,34.0,f,College degree,US,0,0,0
1061,1061,892,train,,,train,,,train,,,59.0,f,Associate's degree,US,0,0,0
1062,1062,854,train,,,train,,,train,,,51.0,f,College degree,US,0,0,0
1063,1063,387,train,,,train,,,train,,,25.0,f,Associate's degree,US,0,0,0
1064,1064,714,train,,,train,,,train,,,60.0,f,College degree,CA,0,0,0
1065,1065,23,train,,,train,,,train,,,20.0,m,Some college,US,1,1,0
1066,1066,522,train,,,train,,,train,,,32.0,f,College degree,US,0,0,0
1067,1067,267,train,,,train,,,train,,,23.0,m,Associate's degree,US,0,0,0
1068,1068,719,train,,,train,,,train,,,36.0,f,Ph.D.,US,0,0,0
1069,1069,72,train,,,train,,,train,,,25.0,m,Professional degree,US,0,1,1
1070,1070,619,train,,,train,,,train,,,30.0,f,Associate's degree,US,0,0,0
1071,1071,682,train,,,train,,,train,,,30.0,f,College degree,US,0,0,0
1072,1072,464,train,,,train,,,train,,,53.0,f,Associate's degree,US,0,0,0
1073,1073,46,train,,,train,,,train,,,39.0,m,Master's degree,US,0,1,0
1074,1074,451,train,,,train,,,train,,,53.0,f,College degree,US,0,0,0
1075,1075,470,train,,,train,,,train,,,26.0,m,College degree,US,1,0,1
1076,1076,1048,train,,,train,,,train,,,38.0,f,College degree,CA,0,0,0
1077,1077,133,train,,,train,,,train,,,31.0,m,College degree,US,0,1,1
1078,1078,255,train,,,train,,,train,,,72.0,f,College degree,US,0,0,0
1079,1079,974,train,,,train,,,train,,,37.0,f,College degree,CA,0,0,0
1080,1080,185,train,,,train,,,train,,,49.0,f,College degree,US,0,0,0
1081,1081,824,train,,,train,,,train,,,26.0,m,College degree,US,0,0,0
1082,1082,1079,train,,,train,,,train,,,23.0,f,College degree,US,0,0,0
1083,1083,453,train,,,train,,,train,,,24.0,m,Associate's degree,US,0,0,1
1084,1084,915,train,,,train,,,train,,,18.0,m,High school diploma / GED,US,0,0,0
1085,1085,1084,train,,,train,,,train,,,57.0,m,High school diploma / GED,US,0,0,0
1086,1086,828,train,,,train,,,train,,,26.0,f,Professional degree,CA,0,0,0
1087,1087,384,train,,,train,,,train,,,68.0,f,College degree,US,0,0,0
1088,1088,343,train,,,train,,,train,,,59.0,m,Associate's degree,US,0,0,0
1089,1089,799,train,,,train,,,train,,,31.0,f,High school diploma / GED,US,0,0,0
1090,1090,205,train,,,train,,,train,,,27.0,f,College degree,US,0,0,1
1091,1091,212,train,,,train,,,train,,,42.0,m,College degree,US,0,0,0
1092,1092,93,train,,,train,,,train,,,61.0,f,College degree,US,0,0,0
1093,1093,335,train,,,train,,,train,,,59.0,f,Some college,US,0,0,0
1094,1094,677,train,,,train,,,train,,,45.0,f,College degree,US,0,0,0
1095,1095,1061,train,,,train,,,train,,,33.0,m,Some college,US,0,0,0
1096,1096,1081,train,,,train,,,train,,,62.0,m,Associate's degree,US,0,0,0
1097,1097,957,train,,,train,,,train,,,54.0,f,Some college,US,0,0,0
1098,1098,890,train,,,train,,,train,,,53.0,m,High school diploma / GED,AU,0,0,0
1099,1099,875,train,,,train,,,train,,,37.0,f,College degree,US,0,0,0
1100,1100,618,train,,,train,,,train,,,22.0,m,Master's degree,US,0,0,0
1101,1101,1073,train,,,train,,,train,,,50.0,m,College degree,US,0,0,0
1102,1102,616,train,,,train,,,train,,,23.0,m,College degree,US,0,0,0
1103,1103,351,train,,,train,,,train,,,28.0,m,Associate's degree,US,1,0,0
1104,1104,778,train,,,train,,,train,,,47.0,f,Professional degree,US,0,0,0
1105,1105,300,train,,,train,,,train,,,34.0,f,College degree,US,0,0,0
1106,1106,741,train,,,train,,,train,,,38.0,m,College degree,US,0,0,0
1107,1107,808,train,,,train,,,train,,,60.0,f,Master's degree,US,0,0,0
1108,1108,157,train,,,train,,,train,,,44.0,m,Some college,AU,0,0,0
1109,1109,162,train,,,train,,,train,,,37.0,f,Master's degree,US,0,0,0
1110,1110,837,train,,,train,,,train,,,18.0,m,High school diploma / GED,US,0,0,0
